Date,FX
2014-02-03,0.1288156807422638
2014-02-04,0.1287788450717926
2014-02-05,0.12881170213222504
2014-02-06,0.12883958220481873
2014-02-07,0.12888558208942413
2014-02-10,0.12890219688415527
2014-02-11,0.1289213001728058
2014-02-12,0.12893609702587128
2014-02-13,0.12893958389759064
2014-02-14,0.12893842160701752
2014-02-17,0.1289573758840561
2014-02-18,0.12895454466342926
2014-02-19,0.1289612054824829
2014-02-20,0.12895172834396362
2014-02-21,0.12894608080387115
2014-02-24,0.12894009053707123
2014-02-25,0.12889903783798218
2014-02-26,0.12886148691177368
2014-02-27,0.12885801494121552
2014-02-28,0.12885701656341553
2014-03-03,0.12885867059230804
2014-03-04,0.1288546919822693
2014-03-05,0.1288585066795349
2014-03-06,0.1288631558418274
2014-03-07,0.1288568526506424
2014-03-10,0.12885618209838867
2014-03-11,0.12885434925556183
2014-03-12,0.12883958220481873
2014-03-13,0.1288072168827057
2014-03-14,0.12878300249576569
2014-03-17,0.12878432869911194
2014-03-18,0.12876741588115692
2014-03-19,0.1287636011838913
2014-03-20,0.12878498435020447
2014-03-21,0.12880373001098633
2014-03-24,0.12889620661735535
2014-03-25,0.12891846895217896
2014-03-26,0.12893077731132507
2014-03-27,0.12889371812343597
2014-03-28,0.1288997083902359
2014-03-31,0.1289144903421402
2014-04-01,0.12892894446849823
2014-04-02,0.1289188116788864
2014-04-03,0.12893077731132507
2014-04-04,0.12892529368400574
2014-04-07,0.12893444299697876
2014-04-08,0.12895222008228302
2014-04-09,0.12896768748760223
2014-04-10,0.128987655043602
2014-04-11,0.12898282706737518
2014-04-14,0.12898282706737518
2014-04-15,0.1289723515510559
2014-04-16,0.12896785140037537
2014-04-17,0.12896601855754852
2014-04-18,0.12896619737148285
2014-04-21,0.12897151708602905
2014-04-22,0.12897267937660217
2014-04-23,0.1289941519498825
2014-04-24,0.12898965179920197
2014-04-25,0.12898549437522888
2014-04-28,0.12898331880569458
2014-04-29,0.12898732721805573
2014-04-30,0.12898431718349457
2014-05-01,0.12899348139762878
2014-05-02,0.1289883255958557
2014-05-05,0.12899647653102875
2014-05-06,0.12899397313594818
2014-05-07,0.1290062814950943
2014-05-08,0.12900012731552124
2014-05-09,0.12901078164577484
2014-05-12,0.12901128828525543
2014-05-13,0.12901277840137482
2014-05-14,0.12901178002357483
2014-05-15,0.12901245057582855
2014-05-16,0.12900811433792114
2014-05-19,0.12899713218212128
2014-05-20,0.12900479137897491
2014-05-21,0.12900063395500183
2014-05-22,0.12899281084537506
2014-05-23,0.12897783517837524
2014-05-26,0.12898431718349457
2014-05-27,0.128975510597229
2014-05-28,0.12900228798389435
2014-05-29,0.12897400557994843
2014-05-30,0.12899315357208252
2014-06-02,0.12899315357208252
2014-06-03,0.1289818286895752
2014-06-04,0.12899364531040192
2014-06-05,0.12899048626422882
2014-06-06,0.1289941519498825
2014-06-09,0.12900562584400177
2014-06-10,0.12901227176189423
2014-06-11,0.12901277840137482
2014-06-12,0.1290111243724823
2014-06-13,0.1290062814950943
2014-06-16,0.1290142834186554
2014-06-17,0.1290121078491211
2014-06-18,0.12901827692985535
2014-06-19,0.12901461124420166
2014-06-20,0.12903259694576263
2014-06-23,0.1290142834186554
2014-06-24,0.12902043759822845
2014-06-25,0.1290062814950943
2014-06-26,0.12901528179645538
2014-06-27,0.1290101259946823
2014-06-30,0.12901310622692108
2014-07-01,0.1290319263935089
2014-07-02,0.12901677191257477
2014-07-03,0.1290355771780014
2014-07-04,0.12903276085853577
2014-07-07,0.1290329247713089
2014-07-08,0.12903492152690887
2014-07-09,0.12903742492198944
2014-07-10,0.12903541326522827
2014-07-11,0.12903858721256256
2014-07-14,0.1290377527475357
2014-07-15,0.12903842329978943
2014-07-16,0.1290387511253357
2014-07-17,0.12902259826660156
2014-07-18,0.12902559340000153
2014-07-21,0.1290212720632553
2014-07-22,0.12900546193122864
2014-07-23,0.12901261448860168
2014-07-24,0.12902893126010895
2014-07-25,0.12903426587581635
2014-07-28,0.12903808057308197
2014-07-29,0.12903907895088196
2014-07-30,0.12904025614261627
2014-07-31,0.12903907895088196
2014-08-01,0.12903858721256256
2014-08-04,0.12903659045696259
2014-08-05,0.12903209030628204
2014-08-06,0.12903791666030884
2014-08-07,0.1290339231491089
2014-08-08,0.12902626395225525
2014-08-11,0.12901444733142853
2014-08-12,0.12901128828525543
2014-08-13,0.12901760637760162
2014-08-14,0.12901461124420166
2014-08-15,0.12902559340000153
2014-08-18,0.12903109192848206
2014-08-19,0.1290302574634552
2014-08-20,0.1290292590856552
2014-08-21,0.12902693450450897
2014-08-22,0.12903691828250885
2014-08-25,0.12903375923633575
2014-08-26,0.12903591990470886
2014-08-27,0.12902742624282837
2014-08-28,0.12903808057308197
2014-08-29,0.12903742492198944
2014-09-01,0.12903591990470886
2014-09-02,0.12903659045696259
2014-09-03,0.12903408706188202
2014-09-04,0.12903575599193573
2014-09-05,0.129035085439682
2014-09-08,0.1290355771780014
2014-09-09,0.12902893126010895
2014-09-10,0.12903426587581635
2014-09-11,0.12903225421905518
2014-09-12,0.129035085439682
2014-09-15,0.12902958691120148
2014-09-16,0.12902143597602844
2014-09-17,0.1290222704410553
2014-09-18,0.12902143597602844
2014-09-19,0.1290179342031479
2014-09-22,0.1290196031332016
2014-09-23,0.12900878489017487
2014-09-24,0.12901045382022858
2014-09-25,0.12900462746620178
2014-09-26,0.12897200882434845
2014-09-29,0.1288299560546875
2014-09-30,0.1287762075662613
2014-10-01,0.12879544496536255
2014-10-02,0.12881021201610565
2014-10-03,0.12882497906684875
2014-10-06,0.12889687716960907
2014-10-07,0.12895721197128296
2014-10-08,0.12895239889621735
2014-10-09,0.12893842160701752
2014-10-10,0.12893544137477875
2014-10-13,0.1289282888174057
2014-10-14,0.12889371812343597
2014-10-15,0.12892961502075195
2014-10-16,0.1289186328649521
2014-10-17,0.12891314923763275
2014-10-20,0.12891748547554016
2014-10-21,0.1289033591747284
2014-10-22,0.12894541025161743
2014-10-23,0.12893293797969818
2014-10-24,0.12891963124275208
2014-10-27,0.1289186328649521
2014-10-28,0.12891797721385956
2014-10-29,0.1289193034172058
2014-10-30,0.12896735966205597
2014-10-31,0.12894640862941742
2014-11-03,0.12895871698856354
2014-11-04,0.12897518277168274
2014-11-05,0.12900811433792114
2014-11-06,0.129007950425148
2014-11-07,0.12898948788642883
2014-11-10,0.1290014684200287
2014-11-11,0.1289685219526291
2014-11-12,0.12896835803985596
2014-11-13,0.1289680302143097
2014-11-14,0.1289626955986023
2014-11-17,0.12897168099880219
2014-11-18,0.12896403670310974
2014-11-19,0.1289585530757904
2014-11-20,0.12895788252353668
2014-11-21,0.12893792986869812
2014-11-24,0.12892113626003265
2014-11-25,0.1289389282464981
2014-11-26,0.12895072996616364
2014-11-27,0.128976508975029
2014-11-28,0.12899446487426758
2014-12-01,0.12896320223808289
2014-12-02,0.12894608080387115
2014-12-03,0.12896203994750977
2014-12-04,0.128975510597229
2014-12-05,0.1290164440870285
2014-12-08,0.12902094423770905
2014-12-09,0.1290186047554016
2014-12-10,0.12899380922317505
2014-12-11,0.12900330126285553
2014-12-12,0.1290116161108017
2014-12-15,0.1290072798728943
2014-12-16,0.12899480760097504
2014-12-17,0.12898050248622894
2014-12-18,0.1289341002702713
2014-12-19,0.12893642485141754
2014-12-22,0.12896902859210968
2014-12-23,0.12894307076931
2014-12-24,0.12892977893352509
2014-12-25,0.12883609533309937
2014-12-26,0.1288732886314392
2014-12-29,0.12884970009326935
2014-12-30,0.12890484929084778
2014-12-31,0.12892462313175201
2015-01-01,0.1289823353290558
2015-01-02,0.12894141674041748
2015-01-05,0.1289372593164444
2015-01-06,0.1289452463388443
2015-01-07,0.12897035479545593
2015-01-08,0.12896087765693665
2015-01-09,0.12895521521568298
2015-01-12,0.12898199260234833
2015-01-13,0.1289924830198288
2015-01-14,0.12898598611354828
2015-01-15,0.128976508975029
2015-01-16,0.12899348139762878
2015-01-19,0.12899963557720184
2015-01-20,0.12900462746620178
2015-01-21,0.12900479137897491
2015-01-22,0.12901844084262848
2015-01-23,0.12900029122829437
2015-01-26,0.12900079786777496
2015-01-27,0.12900295853614807
2015-01-28,0.12900413572788239
2015-01-29,0.12900513410568237
2015-01-30,0.1290062814950943
2015-02-02,0.12900479137897491
2015-02-03,0.12898366153240204
2015-02-04,0.12897168099880219
2015-02-05,0.1289956420660019
2015-02-06,0.12899763882160187
2015-02-09,0.1290031224489212
2015-02-10,0.12898282706737518
2015-02-11,0.12898017466068268
2015-02-12,0.12896236777305603
2015-02-13,0.12896785140037537
2015-02-16,0.12894922494888306
2015-02-17,0.12889404594898224
2015-02-18,0.1288997083902359
2015-02-19,0.12890185415744781
2015-02-20,0.12890584766864777
2015-02-23,0.12891200184822083
2015-02-24,0.12893426418304443
2015-02-25,0.1289324313402176
2015-02-26,0.12893609702587128
2015-02-27,0.12895072996616364
2015-03-02,0.12897999584674835
2015-03-03,0.1289600431919098
2015-03-04,0.12896303832530975
2015-03-05,0.12895654141902924
2015-03-06,0.1289331018924713
2015-03-09,0.1289224624633789
2015-03-10,0.12887926399707794
2015-03-11,0.12887512147426605
2015-03-12,0.12877188622951508
2015-03-13,0.12875662744045258
2015-03-16,0.12877239286899567
2015-03-17,0.12879909574985504
2015-03-18,0.12883228063583374
2015-03-19,0.1289065182209015
2015-03-20,0.12890368700027466
2015-03-23,0.12891913950443268
2015-03-24,0.12894341349601746
2015-03-25,0.12895821034908295
2015-03-26,0.12895771861076355
2015-03-27,0.1289750188589096
2015-03-30,0.12898847460746765
2015-03-31,0.1289563775062561
2015-04-01,0.12898816168308258
2015-04-02,0.12899696826934814
2015-04-03,0.12899132072925568
2015-04-06,0.12901128828525543
2015-04-07,0.12899430096149445
2015-04-08,0.12898515164852142
2015-04-09,0.12903141975402832
2015-04-10,0.12903942167758942
2015-04-13,0.12904009222984314
2015-04-14,0.1290377527475357
2015-04-15,0.12902742624282837
2015-04-16,0.1290106177330017
2015-04-17,0.12900978326797485
2015-04-20,0.12902159988880157
2015-04-21,0.12904025614261627
2015-04-22,0.12903974950313568
2015-04-23,0.12903842329978943
2015-04-24,0.12904092669487
2015-04-27,0.1290404200553894
2015-04-28,0.12903641164302826
2015-04-29,0.1290355771780014
2015-04-30,0.12903659045696259
2015-05-01,0.1290329247713089
2015-05-04,0.12902958691120148
2015-05-05,0.12899014353752136
2015-05-06,0.12902310490608215
2015-05-07,0.12900346517562866
2015-05-08,0.12898166477680206
2015-05-11,0.12897732853889465
2015-05-12,0.12900546193122864
2015-05-13,0.12901178002357483
2015-05-14,0.12901461124420166
2015-05-15,0.12901394069194794
2015-05-18,0.12902776896953583
2015-05-19,0.1290159523487091
2015-05-20,0.12900228798389435
2015-05-21,0.128996804356575
2015-05-22,0.12897934019565582
2015-05-25,0.12900562584400177
2015-05-26,0.12900978326797485
2015-05-27,0.12899348139762878
2015-05-28,0.12893077731132507
2015-05-29,0.12898749113082886
2015-06-01,0.12898865342140198
2015-06-02,0.12895572185516357
2015-06-03,0.12894724309444427
2015-06-04,0.12898465991020203
2015-06-05,0.12900711596012115
2015-06-08,0.12900112569332123
2015-06-09,0.12900778651237488
2015-06-10,0.12898217141628265
2015-06-11,0.128997802734375
2015-06-12,0.12898482382297516
2015-06-15,0.12899380922317505
2015-06-16,0.1289973109960556
2015-06-17,0.12900595366954803
2015-06-18,0.12900429964065552
2015-06-19,0.12900063395500183
2015-06-22,0.12901777029037476
2015-06-23,0.12902210652828217
2015-06-24,0.1289919763803482
2015-06-25,0.12899430096149445
2015-06-26,0.12901227176189423
2015-06-29,0.1289999634027481
2015-06-30,0.12900346517562866
2015-07-01,0.12901628017425537
2015-07-02,0.1290062814950943
2015-07-03,0.12900379300117493
2015-07-06,0.12899863719940186
2015-07-07,0.12898549437522888
2015-07-08,0.12894973158836365
2015-07-09,0.12900228798389435
2015-07-10,0.1290106177330017
2015-07-13,0.12902210652828217
2015-07-14,0.1290121078491211
2015-07-15,0.12901294231414795
2015-07-16,0.12902043759822845
2015-07-17,0.12902194261550903
2015-07-20,0.12903691828250885
2015-07-21,0.12901927530765533
2015-07-22,0.12902510166168213
2015-07-23,0.12902793288230896
2015-07-24,0.12902326881885529
2015-07-27,0.12902159988880157
2015-07-28,0.12901760637760162
2015-07-29,0.12902510166168213
2015-07-30,0.12902343273162842
2015-07-31,0.128987655043602
2015-08-03,0.12900546193122864
2015-08-04,0.12898482382297516
2015-08-05,0.1289760172367096
2015-08-06,0.12900929152965546
2015-08-07,0.12902294099330902
2015-08-10,0.12901394069194794
2015-08-11,0.12899813055992126
2015-08-12,0.12888507544994354
2015-08-13,0.12893809378147125
2015-08-14,0.1289648711681366
2015-08-17,0.12894640862941742
2015-08-18,0.128964364528656
2015-08-19,0.12896104156970978
2015-08-20,0.12899097800254822
2015-08-21,0.12899963557720184
2015-08-24,0.1290062814950943
2015-08-25,0.128987655043602
2015-08-26,0.12900811433792114
2015-08-27,0.12901844084262848
2015-08-28,0.12902793288230896
2015-08-31,0.1290414184331894
2015-09-01,0.1290329247713089
2015-09-02,0.1290345937013626
2015-09-03,0.12903375923633575
2015-09-04,0.1290377527475357
2015-09-07,0.12904074788093567
2015-09-08,0.12904158234596252
2015-09-09,0.12901677191257477
2015-09-10,0.12901045382022858
2015-09-11,0.12903858721256256
2015-09-14,0.12903925776481628
2015-09-15,0.1290345937013626
2015-09-16,0.1290399134159088
2015-09-17,0.12903492152690887
2015-09-18,0.12904058396816254
2015-09-21,0.12904107570648193
2015-09-22,0.12904107570648193
2015-09-23,0.1290414184331894
2015-09-24,0.1290414184331894
2015-09-25,0.12902893126010895
2015-09-28,0.12903675436973572
2015-09-29,0.12903791666030884
2015-09-30,0.12903858721256256
2015-10-01,0.12904025614261627
2015-10-02,0.12904092669487
2015-10-05,0.12904092669487
2015-10-06,0.1290339231491089
2015-10-07,0.12904092669487
2015-10-08,0.12904074788093567
2015-10-09,0.12904107570648193
2015-10-12,0.1290414184331894
2015-10-13,0.12904058396816254
2015-10-14,0.12904092669487
2015-10-15,0.12904074788093567
2015-10-16,0.12904107570648193
2015-10-19,0.1290414184331894
2015-10-20,0.12904074788093567
2015-10-21,0.12903308868408203
2015-10-22,0.12903724610805511
2015-10-23,0.12904025614261627
2015-10-26,0.12904074788093567
2015-10-27,0.12904058396816254
2015-10-28,0.12904009222984314
2015-10-29,0.12904025614261627
2015-10-30,0.12903974950313568
2015-11-02,0.1290399134159088
2015-11-03,0.12903907895088196
2015-11-04,0.12902958691120148
2015-11-05,0.1290329247713089
2015-11-06,0.12902776896953583
2015-11-09,0.12900462746620178
2015-11-10,0.12901028990745544
2015-11-11,0.1290159523487091
2015-11-12,0.12903308868408203
2015-11-13,0.129036083817482
2015-11-16,0.12903092801570892
2015-11-17,0.12903141975402832
2015-11-18,0.12902376055717468
2015-11-19,0.12902876734733582
2015-11-20,0.1290312558412552
2015-11-23,0.12903742492198944
2015-11-24,0.12903842329978943
2015-11-25,0.12903209030628204
2015-11-26,0.12903541326522827
2015-11-27,0.12903541326522827
2015-11-30,0.12903308868408203
2015-12-01,0.128998801112175
2015-12-02,0.12901410460472107
2015-12-03,0.1290377527475357
2015-12-04,0.12904225289821625
2015-12-07,0.12904092669487
2015-12-08,0.12903308868408203
2015-12-09,0.12903942167758942
2015-12-10,0.12903042137622833
2015-12-11,0.12903942167758942
2015-12-14,0.12903891503810883
2015-12-15,0.12904123961925507
2015-12-16,0.12902826070785522
2015-12-17,0.129036083817482
2015-12-18,0.1289956420660019
2015-12-21,0.12899629771709442
2015-12-22,0.12899963557720184
2015-12-23,0.1290004551410675
2015-12-24,0.1290280967950821
2015-12-25,0.12901711463928223
2015-12-28,0.12902559340000153
2015-12-29,0.1290270984172821
2015-12-30,0.1290312558412552
2015-12-31,0.12902043759822845
2016-01-01,0.12903042137622833
2016-01-04,0.12902610003948212
2016-01-05,0.12901128828525543
2016-01-06,0.1290137767791748
2016-01-07,0.12899629771709442
2016-01-08,0.12895305454730988
2016-01-11,0.1288289576768875
2016-01-12,0.12881800532341003
2016-01-13,0.1288384199142456
2016-01-14,0.12886829674243927
2016-01-15,0.12851223349571228
2016-01-18,0.12833181023597717
2016-01-19,0.12818573415279388
2016-01-20,0.12784846127033234
2016-01-21,0.1279011219739914
2016-01-22,0.12801261246204376
2016-01-25,0.12824837863445282
2016-01-26,0.12830349802970886
2016-01-27,0.12831979990005493
2016-01-28,0.12832951545715332
2016-01-29,0.12831354141235352
2016-02-01,0.12848137319087982
2016-02-02,0.12855270504951477
2016-02-03,0.1283165067434311
2016-02-04,0.12834498286247253
2016-02-05,0.12840266525745392
2016-02-08,0.12838058173656464
2016-02-09,0.12833017110824585
2016-02-10,0.1283041536808014
2016-02-11,0.12834252417087555
2016-02-12,0.12836509943008423
2016-02-15,0.12840399146080017
2016-02-16,0.1284496784210205
2016-02-17,0.12836064398288727
2016-02-18,0.1284315288066864
2016-02-19,0.12855948507785797
2016-02-22,0.12866303324699402
2016-02-23,0.1287200152873993
2016-02-24,0.12872979044914246
2016-02-25,0.12872283160686493
2016-02-26,0.1286943256855011
2016-02-29,0.1285971850156784
2016-03-01,0.1286158710718155
2016-03-02,0.12866419553756714
2016-03-03,0.12865376472473145
2016-03-04,0.12872199714183807
2016-03-07,0.12883293628692627
2016-03-08,0.12877918779850006
2016-03-09,0.12877553701400757
2016-03-10,0.1287730485200882
2016-03-11,0.1288178414106369
2016-03-14,0.12887993454933167
2016-03-15,0.12889836728572845
2016-03-16,0.12887942790985107
2016-03-17,0.12889206409454346
2016-03-18,0.12893210351467133
2016-03-21,0.12896104156970978
2016-03-22,0.12898315489292145
2016-03-23,0.12898017466068268
2016-03-24,0.12894557416439056
2016-03-25,0.1288895606994629
2016-03-28,0.1289188116788864
2016-03-29,0.12891414761543274
2016-03-30,0.12893742322921753
2016-03-31,0.1289706826210022
2016-04-01,0.12893326580524445
2016-04-04,0.12896519899368286
2016-04-05,0.12897634506225586
2016-04-06,0.12893177568912506
2016-04-07,0.12892945110797882
2016-04-08,0.12888623774051666
2016-04-11,0.12889304757118225
2016-04-12,0.1289474070072174
2016-04-13,0.12895654141902924
2016-04-14,0.12893161177635193
2016-04-15,0.12892413139343262
2016-04-18,0.12894989550113678
2016-04-19,0.1289500594139099
2016-04-20,0.12894657254219055
2016-04-21,0.128935769200325
2016-04-22,0.128909170627594
2016-04-25,0.12892495095729828
2016-04-26,0.1289341002702713
2016-04-27,0.12893658876419067
2016-04-28,0.12891913950443268
2016-04-29,0.1289050132036209
2016-05-02,0.1289171427488327
2016-05-03,0.12887677550315857
2016-05-04,0.12883144617080688
2016-05-05,0.1288294643163681
2016-05-06,0.1288468837738037
2016-05-09,0.12885750830173492
2016-05-10,0.12880870699882507
2016-05-11,0.1288410723209381
2016-05-12,0.12885934114456177
2016-05-13,0.12886099517345428
2016-05-16,0.12880058586597443
2016-05-17,0.1288072168827057
2016-05-18,0.1288394182920456
2016-05-19,0.12877504527568817
2016-05-20,0.12874868512153625
2016-05-23,0.12873028218746185
2016-05-24,0.1287456899881363
2016-05-25,0.12872911989688873
2016-05-26,0.12879163026809692
2016-05-27,0.12877370417118073
2016-05-30,0.1287703961133957
2016-05-31,0.12872695922851562
2016-06-01,0.12871918082237244
2016-06-02,0.128698468208313
2016-06-03,0.12868936359882355
2016-06-06,0.1287335902452469
2016-06-07,0.12873823940753937
2016-06-08,0.12876641750335693
2016-06-09,0.12886016070842743
2016-06-10,0.1288331001996994
2016-06-13,0.12882016599178314
2016-06-14,0.12881451845169067
2016-06-15,0.12884771823883057
2016-06-16,0.12886564433574677
2016-06-17,0.12888093292713165
2016-06-20,0.1288711279630661
2016-06-21,0.12885186076164246
2016-06-22,0.12888175249099731
2016-06-23,0.12891216576099396
2016-06-24,0.1289208084344864
2016-06-27,0.12886564433574677
2016-06-28,0.12887345254421234
2016-06-29,0.12889422476291656
2016-06-30,0.12888674437999725
2016-07-01,0.12887261807918549
2016-07-04,0.1289028525352478
2016-07-05,0.12890003621578217
2016-07-06,0.12889371812343597
2016-07-07,0.12889255583286285
2016-07-08,0.12890085577964783
2016-07-11,0.1289045214653015
2016-07-12,0.1288953721523285
2016-07-13,0.1288922280073166
2016-07-14,0.1289314329624176
2016-07-15,0.12895572185516357
2016-07-18,0.12896403670310974
2016-07-19,0.12895654141902924
2016-07-20,0.12894441187381744
2016-07-21,0.12893658876419067
2016-07-22,0.128935769200325
2016-07-25,0.12891532480716705
2016-07-26,0.1289208084344864
2016-07-27,0.1289208084344864
2016-07-28,0.1289224624633789
2016-07-29,0.12892912328243256
2016-08-01,0.12889952957630157
2016-08-02,0.12885601818561554
2016-08-03,0.12886232137680054
2016-08-04,0.1288784295320511
2016-08-05,0.12893658876419067
2016-08-08,0.12894457578659058
2016-08-09,0.12891797721385956
2016-08-10,0.1289224624633789
2016-08-11,0.12892578542232513
2016-08-12,0.1289224624633789
2016-08-15,0.12891913950443268
2016-08-16,0.12891913950443268
2016-08-17,0.12895937263965607
2016-08-18,0.12896069884300232
2016-08-19,0.1289723515510559
2016-08-22,0.12895239889621735
2016-08-23,0.12897400557994843
2016-08-24,0.12897899746894836
2016-08-25,0.1289706826210022
2016-08-26,0.1289474070072174
2016-08-29,0.1289208084344864
2016-08-30,0.1289457380771637
2016-08-31,0.12890617549419403
2016-09-01,0.128926619887352
2016-09-02,0.12891414761543274
2016-09-05,0.12894241511821747
2016-09-06,0.12894922494888306
2016-09-07,0.1289474070072174
2016-09-08,0.1289415806531906
2016-09-09,0.12892912328243256
2016-09-12,0.12892413139343262
2016-09-13,0.12891100347042084
2016-09-14,0.12889887392520905
2016-09-15,0.12890584766864777
2016-09-16,0.12888923287391663
2016-09-19,0.12889088690280914
2016-09-20,0.12890584766864777
2016-09-21,0.12891581654548645
2016-09-22,0.1289474070072174
2016-09-23,0.1289457380771637
2016-09-26,0.12893326580524445
2016-09-27,0.12894406914710999
2016-09-28,0.12895072996616364
2016-09-29,0.12896403670310974
2016-09-30,0.1289505660533905
2016-10-03,0.12893909215927124
2016-10-04,0.1289474070072174
2016-10-05,0.12892745435237885
2016-10-06,0.12891332805156708
2016-10-07,0.12891581654548645
2016-10-10,0.1288975328207016
2016-10-11,0.12889422476291656
2016-10-12,0.1288859099149704
2016-10-13,0.12890750169754028
2016-10-14,0.12891332805156708
2016-10-17,0.12889088690280914
2016-10-18,0.12888674437999725
2016-10-19,0.12887759506702423
2016-10-20,0.12889587879180908
2016-10-21,0.1289045214653015
2016-10-24,0.1288859099149704
2016-10-25,0.1289108395576477
2016-10-26,0.12892413139343262
2016-10-27,0.12892994284629822
2016-10-28,0.12895405292510986
2016-10-31,0.1289590448141098
2016-11-01,0.12895072996616364
2016-11-02,0.12895072996616364
2016-11-03,0.12894657254219055
2016-11-04,0.1289474070072174
2016-11-07,0.12893742322921753
2016-11-08,0.12894324958324432
2016-11-09,0.12896236777305603
2016-11-10,0.12894241511821747
2016-11-11,0.1289341002702713
2016-11-14,0.12889936566352844
2016-11-15,0.12890252470970154
2016-11-16,0.12891249358654022
2016-11-17,0.12891414761543274
2016-11-18,0.12891481816768646
2016-11-21,0.12891748547554016
2016-11-22,0.128935769200325
2016-11-23,0.12893742322921753
2016-11-24,0.12892413139343262
2016-11-25,0.12893077731132507
2016-11-28,0.1289324313402176
2016-11-29,0.12893077731132507
2016-11-30,0.12892745435237885
2016-12-01,0.128935769200325
2016-12-02,0.12893909215927124
2016-12-05,0.12894076108932495
2016-12-06,0.12895572185516357
2016-12-07,0.1289457380771637
2016-12-08,0.128935769200325
2016-12-09,0.12893658876419067
2016-12-12,0.1288759410381317
2016-12-13,0.1288975328207016
2016-12-14,0.12892912328243256
2016-12-15,0.12889587879180908
2016-12-16,0.12886515259742737
2016-12-19,0.1287846565246582
2016-12-20,0.1287614405155182
2016-12-21,0.12877902388572693
2016-12-22,0.12885186076164246
2016-12-23,0.12883161008358002
2016-12-26,0.1288742870092392
2016-12-27,0.12886597216129303
2016-12-28,0.12886963784694672
2016-12-29,0.1289086639881134
2016-12-30,0.12894906103610992
2017-01-02,0.12894906103610992
2017-01-03,0.12890119850635529
2017-01-04,0.12892745435237885
2017-01-05,0.12894973158836365
2017-01-06,0.1289590448141098
2017-01-09,0.1289505660533905
2017-01-10,0.1289324313402176
2017-01-11,0.12895821034908295
2017-01-12,0.12895572185516357
2017-01-13,0.12896236777305603
2017-01-16,0.1289527267217636
2017-01-17,0.1289457380771637
2017-01-18,0.12894058227539062
2017-01-19,0.1289331018924713
2017-01-20,0.12891913950443268
2017-01-23,0.12890417873859406
2017-01-24,0.12892180681228638
2017-01-25,0.12891100347042084
2017-01-26,0.1289213001728058
2017-01-27,0.12891414761543274
2017-01-30,0.12889520823955536
2017-01-31,0.1288975328207016
2017-02-01,0.12890417873859406
2017-02-02,0.12888790667057037
2017-02-03,0.1288880705833435
2017-02-06,0.128908172249794
2017-02-07,0.12890684604644775
2017-02-08,0.1288997083902359
2017-02-09,0.12887826561927795
2017-02-10,0.12891298532485962
2017-02-13,0.12891000509262085
2017-02-14,0.12889455258846283
2017-02-15,0.12888839840888977
2017-02-16,0.12888523936271667
2017-02-17,0.1288822591304779
2017-02-20,0.1288590133190155
2017-02-21,0.12885434925556183
2017-02-22,0.12886182963848114
2017-02-23,0.128868967294693
2017-02-24,0.1288864016532898
2017-02-27,0.12886498868465424
2017-02-28,0.1288457214832306
2017-03-01,0.12883277237415314
2017-03-02,0.1288289576768875
2017-03-03,0.1288394182920456
2017-03-06,0.12882497906684875
2017-03-07,0.12879709899425507
2017-03-08,0.1287946105003357
2017-03-09,0.1287614405155182
2017-03-10,0.12878963351249695
2017-03-13,0.12879063189029694
2017-03-14,0.12878549098968506
2017-03-15,0.12874735891819
2017-03-16,0.12878067791461945
2017-03-17,0.12881037592887878
2017-03-20,0.12884025275707245
2017-03-21,0.12878216803073883
2017-03-22,0.12877388298511505
2017-03-23,0.12877222895622253
2017-03-24,0.1287415474653244
2017-03-27,0.12876790761947632
2017-03-28,0.12874652445316315
2017-03-29,0.1287378966808319
2017-03-30,0.12871834635734558
2017-03-31,0.12869897484779358
2017-04-03,0.128698468208313
2017-04-04,0.1286802589893341
2017-04-05,0.1286979764699936
2017-04-06,0.1287231594324112
2017-04-07,0.12870675325393677
2017-04-10,0.1287284642457962
2017-04-11,0.12870179116725922
2017-04-12,0.12869814038276672
2017-04-13,0.12869583070278168
2017-04-14,0.12865078449249268
2017-04-17,0.1286545991897583
2017-04-18,0.12867511808872223
2017-04-19,0.12863722443580627
2017-04-20,0.1286430060863495
2017-04-21,0.12862397730350494
2017-04-24,0.12861785292625427
2017-04-25,0.1285586655139923
2017-04-26,0.12852314114570618
2017-04-27,0.12853486835956573
2017-04-28,0.12853321433067322
2017-05-01,0.12858693301677704
2017-05-02,0.12855948507785797
2017-05-03,0.12852677702903748
2017-05-04,0.12851983308792114
2017-05-05,0.12849143147468567
2017-05-08,0.12848582863807678
2017-05-09,0.1284620463848114
2017-05-10,0.1284703016281128
2017-05-11,0.12843400239944458
2017-05-12,0.12838272750377655
2017-05-15,0.12832143902778625
2017-05-16,0.1284274011850357
2017-05-17,0.12841586768627167
2017-05-18,0.12844224274158478
2017-05-19,0.12848301231861115
2017-05-22,0.128498375415802
2017-05-23,0.12845776975154877
2017-05-24,0.12841784954071045
2017-05-25,0.12840630114078522
2017-05-26,0.12836162745952606
2017-05-29,0.12834252417087555
2017-05-30,0.1283021867275238
2017-05-31,0.12833477556705475
2017-06-01,0.12834829092025757
2017-06-02,0.1283556967973709
2017-06-05,0.12837332487106323
2017-06-06,0.12833181023597717
2017-06-07,0.12831534445285797
2017-06-08,0.12830382585525513
2017-06-09,0.1282626837491989
2017-06-12,0.128269761800766
2017-06-13,0.1282215714454651
2017-06-14,0.1282462328672409
2017-06-15,0.1282297819852829
2017-06-16,0.1281813085079193
2017-06-19,0.12820348143577576
2017-06-20,0.12822484970092773
2017-06-21,0.1282159835100174
2017-06-22,0.12820841372013092
2017-06-23,0.12822484970092773
2017-06-26,0.12821827828884125
2017-06-27,0.12821991741657257
2017-06-28,0.12820184230804443
2017-06-29,0.12814761698246002
2017-06-30,0.1281367838382721
2017-07-03,0.12808525562286377
2017-07-04,0.12804195284843445
2017-07-05,0.128081813454628
2017-07-06,0.1280996948480606
2017-07-07,0.12805064022541046
2017-07-10,0.12802539765834808
2017-07-12,0.12801426649093628
2017-07-13,0.12803933024406433
2017-07-14,0.12806721031665802
2017-07-17,0.12813743948936462
2017-07-18,0.12815254926681519
2017-07-19,0.12813054025173187
2017-07-20,0.12808001041412354
2017-07-21,0.1280483603477478
2017-07-24,0.12806721031665802
2017-07-25,0.12810362875461578
2017-07-26,0.1280747503042221
2017-07-27,0.12806491553783417
2017-07-28,0.12806835770606995
2017-07-31,0.1280590146780014
2017-08-01,0.12804408371448517
2017-08-02,0.12799181044101715
2017-08-03,0.12794579565525055
2017-08-04,0.12792304158210754
2017-08-07,0.12791061401367188
2017-08-08,0.127860888838768
2017-08-09,0.12781676650047302
2017-08-10,0.12797018885612488
2017-08-11,0.12792517244815826
2017-08-14,0.12790095806121826
2017-08-15,0.12786906957626343
2017-08-16,0.12783555686473846
2017-08-17,0.12786628305912018
2017-08-18,0.1278281956911087
2017-08-21,0.12783244252204895
2017-08-22,0.1278267204761505
2017-08-23,0.127777561545372
2017-08-24,0.12780515849590302
2017-08-25,0.12782803177833557
2017-08-28,0.12786579132080078
2017-08-29,0.1278236210346222
2017-08-30,0.1278170943260193
2017-08-31,0.12780043482780457
2017-09-01,0.1277955323457718
2017-09-04,0.1278100609779358
2017-09-05,0.1277955323457718
2017-09-06,0.1277960240840912
2017-09-07,0.12780418992042542
2017-09-08,0.12800000607967377
2017-09-11,0.1280117928981781
2017-09-12,0.12800754606723785
2017-09-13,0.12800262868404388
2017-09-14,0.1280163824558258
2017-09-15,0.12798525393009186
2017-09-18,0.12792238593101501
2017-09-19,0.1279410421848297
2017-09-20,0.12814204394817352
2017-09-21,0.12819691002368927
2017-09-22,0.1281408965587616
2017-09-25,0.12806245684623718
2017-09-26,0.12798935174942017
2017-09-27,0.1280137598514557
2017-09-28,0.12806425988674164
2017-09-29,0.1280294954776764
2017-10-02,0.1280558854341507
2017-10-03,0.12803605198860168
2017-10-04,0.12802326679229736
2017-10-05,0.12809379398822784
2017-10-06,0.12806063890457153
2017-10-09,0.1281246393918991
2017-10-10,0.1281200349330902
2017-10-11,0.1281394213438034
2017-10-12,0.12811921536922455
2017-10-13,0.12808066606521606
2017-10-16,0.12810002267360687
2017-10-17,0.1280737668275833
2017-10-18,0.12807540595531464
2017-10-19,0.12807868421077728
2017-10-20,0.12819872796535492
2017-10-23,0.1281771957874298
2017-10-24,0.12819641828536987
2017-10-25,0.1281418800354004
2017-10-26,0.12815091013908386
2017-10-27,0.12818491458892822
2017-10-30,0.12815748155117035
2017-10-31,0.12821662425994873
2017-11-01,0.12819281220436096
2017-11-02,0.12818868458271027
2017-11-03,0.12816569209098816
2017-11-06,0.12817473709583282
2017-11-07,0.1281837671995163
2017-11-08,0.1281459927558899
2017-11-09,0.12825724482536316
2017-11-10,0.12823373079299927
2017-11-13,0.12816733121871948
2017-11-14,0.12818706035614014
2017-11-15,0.12815254926681519
2017-11-17,0.12804752588272095
2017-11-20,0.12801310420036316
2017-11-21,0.12802326679229736
2017-11-22,0.1280229389667511
2017-11-23,0.12803113460540771
2017-11-24,0.1280299872159958
2017-11-27,0.12807491421699524
2017-11-28,0.12820053100585938
2017-11-29,0.12815254926681519
2017-11-30,0.12806721031665802
2017-12-01,0.1280457228422165
2017-12-04,0.12801966071128845
2017-12-05,0.12793122231960297
2017-12-06,0.1279803365468979
2017-12-07,0.1280163824558258
2017-12-08,0.12809428572654724
2017-12-11,0.1280868947505951
2017-12-12,0.12809346616268158
2017-12-13,0.12810379266738892
2017-12-14,0.1281312108039856
2017-12-15,0.12806229293346405
2017-12-18,0.1280163824558258
2017-12-19,0.1279541403055191
2017-12-20,0.12789390981197357
2017-12-21,0.1278487890958786
2017-12-22,0.12789522111415863
2017-12-25,0.12792958319187164
2017-12-26,0.12797051668167114
2017-12-27,0.1280294954776764
2017-12-28,0.12801802158355713
2017-12-29,0.12792958319187164
2018-01-01,0.1279819756746292
2018-01-02,0.1279819756746292
2018-01-03,0.12793777883052826
2018-01-04,0.1279279589653015
2018-01-05,0.12791649997234344
2018-01-08,0.1278885155916214
2018-01-09,0.12785272300243378
2018-01-10,0.12784944474697113
2018-01-11,0.12784290313720703
2018-01-12,0.12782002985477448
2018-01-15,0.12784193456172943
2018-01-16,0.12781758606433868
2018-01-17,0.12782002985477448
2018-01-18,0.12791568040847778
2018-01-19,0.1279197633266449
2018-01-22,0.12793630361557007
2018-01-23,0.12790586054325104
2018-01-24,0.12790128588676453
2018-01-25,0.12791649997234344
2018-01-26,0.12791812419891357
2018-01-29,0.1279207468032837
2018-01-30,0.12791812419891357
2018-01-31,0.1278679221868515
2018-02-01,0.12785762548446655
2018-02-02,0.1278805136680603
2018-02-05,0.12786416709423065
2018-02-06,0.12788541615009308
2018-02-07,0.12790487706661224
2018-02-08,0.12790995836257935
2018-02-09,0.1278805136680603
2018-02-12,0.12791338562965393
2018-02-13,0.1278870552778244
2018-02-14,0.12785924971103668
2018-02-15,0.1278478056192398
2018-02-16,0.12787723541259766
2018-02-19,0.12785108387470245
2018-02-20,0.1278478056192398
2018-02-21,0.12781186401844025
2018-02-22,0.12779225409030914
2018-02-23,0.12780532240867615
2018-02-26,0.1278262436389923
2018-02-27,0.12782885134220123
2018-02-28,0.12775471806526184
2018-03-01,0.12778230011463165
2018-03-02,0.12776286900043488
2018-03-05,0.1276959776878357
2018-03-06,0.1276780515909195
2018-03-07,0.12765033543109894
2018-03-08,0.12764382362365723
2018-03-09,0.12755589187145233
2018-03-12,0.12760309875011444
2018-03-13,0.12755753099918365
2018-03-14,0.1275607794523239
2018-03-15,0.12754777073860168
2018-03-16,0.12752336263656616
2018-03-19,0.12749896943569183
2018-03-20,0.12750710546970367
2018-03-21,0.12747298181056976
2018-03-22,0.1274746060371399
2018-03-23,0.12741775810718536
2018-03-26,0.12745510041713715
2018-03-27,0.1274469792842865
2018-03-28,0.12744535505771637
2018-03-29,0.12744535505771637
2018-03-30,0.1274145096540451
2018-04-02,0.12740963697433472
2018-04-03,0.12741482257843018
2018-04-04,0.12741288542747498
2018-04-05,0.12737718224525452
2018-04-06,0.1274080127477646
2018-04-09,0.1274183988571167
2018-04-10,0.12740476429462433
2018-04-11,0.12740151584148407
2018-04-12,0.1273917853832245
2018-04-13,0.12739567458629608
2018-04-16,0.12739340960979462
2018-04-17,0.12739340960979462
2018-04-18,0.12739340960979462
2018-04-19,0.1274031400680542
2018-04-20,0.12742263078689575
2018-04-23,0.1274801343679428
2018-04-24,0.1275087296962738
2018-04-25,0.12742425501346588
2018-04-26,0.1274351328611374
2018-04-27,0.12745298445224762
2018-04-30,0.12742099165916443
2018-05-01,0.12741613388061523
2018-05-02,0.1274031400680542
2018-05-03,0.1273982673883438
2018-05-04,0.12740103900432587
2018-05-07,0.1274031400680542
2018-05-08,0.1273820400238037
2018-05-09,0.12737718224525452
2018-05-10,0.1273982673883438
2018-05-11,0.12739664316177368
2018-05-14,0.12739664316177368
2018-05-15,0.12739503383636475
2018-05-16,0.12739340960979462
2018-05-17,0.12739664316177368
2018-05-18,0.12738041579723358
2018-05-21,0.12739340960979462
2018-05-22,0.12742586433887482
2018-05-23,0.12739340960979462
2018-05-24,0.12742425501346588
2018-05-25,0.12742911279201508
2018-05-28,0.12748028337955475
2018-05-29,0.12747249007225037
2018-05-30,0.12745997309684753
2018-05-31,0.12744340300559998
2018-06-01,0.12745510041713715
2018-06-04,0.12746484577655792
2018-06-05,0.12745347619056702
2018-06-06,0.1274326890707016
2018-06-07,0.12743723392486572
2018-06-08,0.12745022773742676
2018-06-11,0.127454936504364
2018-06-12,0.1274518519639969
2018-06-13,0.12744048237800598
2018-06-14,0.12741775810718536
2018-06-15,0.12739664316177368
2018-06-18,0.12740151584148407
2018-06-19,0.12739941477775574
2018-06-20,0.12739664316177368
2018-06-21,0.12745347619056702
2018-06-22,0.1274627447128296
2018-06-25,0.12745022773742676
2018-06-26,0.1274421066045761
2018-06-27,0.12740638852119446
2018-06-28,0.12742263078689575
2018-06-29,0.12741775810718536
2018-07-02,0.12743723392486572
2018-07-03,0.12747621536254883
2018-07-04,0.1274746060371399
2018-07-05,0.12750369310379028
2018-07-06,0.127434641122818
2018-07-09,0.12742099165916443
2018-07-10,0.1274208426475525
2018-07-11,0.1274145096540451
2018-07-12,0.1274145096540451
2018-07-13,0.12741027772426605
2018-07-16,0.12741613388061523
2018-07-17,0.1274110972881317
2018-07-18,0.12741126120090485
2018-07-19,0.1274050921201706
2018-07-20,0.12739989161491394
2018-07-23,0.12740476429462433
2018-07-24,0.1274193674325943
2018-07-25,0.1274518519639969
2018-07-26,0.12746647000312805
2018-07-27,0.12742911279201508
2018-07-30,0.1274232715368271
2018-07-31,0.12742197513580322
2018-08-01,0.1274080127477646
2018-08-02,0.12742099165916443
2018-08-03,0.12739762663841248
2018-08-06,0.1274080127477646
2018-08-07,0.12740638852119446
2018-08-08,0.12739664316177368
2018-08-09,0.1274031400680542
2018-08-10,0.12739388644695282
2018-08-13,0.12739989161491394
2018-08-14,0.12739503383636475
2018-08-15,0.1273917853832245
2018-08-16,0.1273987591266632
2018-08-17,0.12739713490009308
2018-08-20,0.1273982673883438
2018-08-21,0.1273982673883438
2018-08-22,0.12739989161491394
2018-08-23,0.12739989161491394
2018-08-24,0.12739340960979462
2018-08-27,0.12739340960979462
2018-08-28,0.12739567458629608
2018-08-29,0.1273820400238037
2018-08-30,0.12741613388061523
2018-08-31,0.1274031400680542
2018-09-03,0.12740638852119446
2018-09-04,0.1273982673883438
2018-09-05,0.12739503383636475
2018-09-06,0.12741385400295258
2018-09-07,0.12739989161491394
2018-09-10,0.12739503383636475
2018-09-11,0.12739664316177368
2018-09-12,0.12738366425037384
2018-09-13,0.12741613388061523
2018-09-14,0.12742263078689575
2018-09-17,0.12744422256946564
2018-09-18,0.1274697333574295
2018-09-19,0.1274924874305725
2018-09-20,0.12745997309684753
2018-09-21,0.12751604616641998
2018-09-24,0.1280488520860672
2018-09-25,0.1280163824558258
2018-09-26,0.12804260849952698
2018-09-27,0.12801998853683472
2018-09-28,0.127951517701149
2018-10-01,0.12774328887462616
2018-10-02,0.1277334988117218
2018-10-03,0.12763242423534393
2018-10-04,0.12758518755435944
2018-10-05,0.12763893604278564
2018-10-08,0.12763339281082153
2018-10-09,0.1277499794960022
2018-10-10,0.1276535987854004
2018-10-11,0.12759333848953247
2018-10-12,0.12763893604278564
2018-10-15,0.12763893604278564
2018-10-16,0.12763242423534393
2018-10-17,0.12759007513523102
2018-10-18,0.12756729125976562
2018-10-19,0.12758031487464905
2018-10-22,0.12754125893115997
2018-10-23,0.1275542825460434
2018-10-24,0.12756957113742828
2018-10-25,0.12754125893115997
2018-10-26,0.12755101919174194
2018-10-29,0.12754939496517181
2018-10-30,0.12749573588371277
2018-10-31,0.12747947871685028
2018-11-01,0.12751394510269165
2018-11-02,0.12764544785022736
2018-11-05,0.12785010039806366
2018-11-06,0.1276780515909195
2018-11-07,0.1276715248823166
2018-11-08,0.1277334988117218
2018-11-09,0.12774328887462616
2018-11-12,0.1276959776878357
2018-11-13,0.12760309875011444
2018-11-14,0.12770086526870728
2018-11-15,0.1277025043964386
2018-11-16,0.127704456448555
2018-11-19,0.12771473824977875
2018-11-20,0.12769010663032532
2018-11-21,0.12769515812397003
2018-11-22,0.12768131494522095
2018-11-23,0.12771065533161163
2018-11-26,0.12777429819107056
2018-11-27,0.1278478056192398
2018-11-28,0.12777429819107056
2018-11-29,0.1277996152639389
2018-11-30,0.12785108387470245
2018-12-03,0.12783963978290558
2018-12-04,0.1279345005750656
2018-12-05,0.12814976274967194
2018-12-06,0.1279737949371338
2018-12-07,0.12803605198860168
2018-12-10,0.12794268131256104
2018-12-11,0.1279803365468979
2018-12-12,0.12793712317943573
2018-12-13,0.12796559929847717
2018-12-14,0.12799835205078125
2018-12-17,0.12799017131328583
2018-12-18,0.12799181044101715
2018-12-19,0.1278805136680603
2018-12-20,0.1277800053358078
2018-12-21,0.12773872911930084
2018-12-24,0.12765930593013763
2018-12-25,0.12763893604278564
2018-12-26,0.12765848636627197
2018-12-27,0.12773512303829193
2018-12-28,0.12769761681556702
2018-12-31,0.12769924104213715
2019-01-01,0.12768131494522095
2019-01-02,0.12765978276729584
2019-01-03,0.12762589752674103
2019-01-04,0.12769924104213715
2019-01-07,0.1276715248823166
2019-01-08,0.12762753665447235
2019-01-09,0.1275656670331955
2019-01-10,0.1275949627161026
2019-01-11,0.12758031487464905
2019-01-14,0.1275637149810791
2019-01-15,0.12751197814941406
2019-01-16,0.1274924874305725
2019-01-17,0.12750710546970367
2019-01-18,0.1275022327899933
2019-01-21,0.12748272716999054
2019-01-22,0.127463236451149
2019-01-23,0.12745460867881775
2019-01-24,0.1274672895669937
2019-01-25,0.12745022773742676
2019-01-28,0.12746810913085938
2019-01-29,0.12745997309684753
2019-01-30,0.12745510041713715
2019-01-31,0.1275087296962738
2019-02-01,0.1274518519639969
2019-02-04,0.12746484577655792
2019-02-05,0.12746258080005646
2019-02-06,0.12746647000312805
2019-02-07,0.12745022773742676
2019-02-08,0.12743885815143585
2019-02-11,0.12744373083114624
2019-02-12,0.1274356096982956
2019-02-13,0.12742067873477936
2019-02-14,0.12740151584148407
2019-02-15,0.1274356096982956
2019-02-18,0.12742586433887482
2019-02-19,0.1274307370185852
2019-02-20,0.12739664316177368
2019-02-21,0.1274145096540451
2019-02-22,0.12743398547172546
2019-02-25,0.12742911279201508
2019-02-26,0.12741288542747498
2019-02-27,0.1274080127477646
2019-02-28,0.12740638852119446
2019-03-01,0.12739340960979462
2019-03-04,0.12741288542747498
2019-03-05,0.12739340960979462
2019-03-06,0.12737880647182465
2019-03-07,0.1273982673883438
2019-03-08,0.1273917853832245
2019-03-11,0.12739340960979462
2019-03-12,0.12739664316177368
2019-03-13,0.12739470601081848
2019-03-14,0.12739503383636475
2019-03-15,0.12739503383636475
2019-03-18,0.12739664316177368
2019-03-19,0.12739631533622742
2019-03-20,0.12736906111240387
2019-03-21,0.12740638852119446
2019-03-22,0.1274307370185852
2019-03-25,0.12743398547172546
2019-03-26,0.12742911279201508
2019-03-27,0.12740638852119446
2019-03-28,0.12739664316177368
2019-03-29,0.12739503383636475
2019-04-01,0.12739503383636475
2019-04-02,0.12738528847694397
2019-04-03,0.1274080127477646
2019-04-04,0.12739989161491394
2019-04-05,0.12739664316177368
2019-04-08,0.12740151584148407
2019-04-09,0.12743480503559113
2019-04-10,0.12752646207809448
2019-04-11,0.12761400640010834
2019-04-12,0.12750060856342316
2019-04-15,0.12751995027065277
2019-04-16,0.1275472790002823
2019-04-17,0.12749573588371277
2019-04-18,0.12747637927532196
2019-04-19,0.12746647000312805
2019-04-22,0.1275007724761963
2019-04-23,0.12744373083114624
2019-04-24,0.1275097131729126
2019-04-25,0.12750710546970367
2019-04-26,0.1274924874305725
2019-04-29,0.12750482559204102
2019-04-30,0.12748435139656067
2019-05-01,0.12746159732341766
2019-05-02,0.12747298181056976
2019-05-03,0.12750548124313354
2019-05-06,0.12748044729232788
2019-05-07,0.1274469792842865
2019-05-08,0.1274145096540451
2019-05-09,0.1274193674325943
2019-05-10,0.12742099165916443
2019-05-13,0.12741775810718536
2019-05-14,0.12740638852119446
2019-05-15,0.12740151584148407
2019-05-16,0.1274101287126541
2019-05-17,0.12740151584148407
2019-05-20,0.12740151584148407
2019-05-21,0.12739908695220947
2019-05-23,0.12740476429462433
2019-05-24,0.12741175293922424
2019-05-27,0.1274154782295227
2019-05-28,0.12739989161491394
2019-05-29,0.12740151584148407
2019-05-30,0.12740297615528107
2019-05-31,0.12742099165916443
2019-06-03,0.12759707868099213
2019-06-04,0.12761449813842773
2019-06-05,0.12753801047801971
2019-06-06,0.12754321098327637
2019-06-07,0.12754467129707336
2019-06-10,0.12752385437488556
2019-06-11,0.1275087296962738
2019-06-12,0.12761548161506653
2019-06-13,0.12781022489070892
2019-06-14,0.12773463129997253
2019-06-17,0.1277334988117218
2019-06-18,0.12765848636627197
2019-06-19,0.12768049538135529
2019-06-20,0.12781840562820435
2019-06-21,0.12797707319259644
2019-06-24,0.1279885321855545
2019-06-25,0.1280636042356491
2019-06-26,0.12803441286087036
2019-06-27,0.1280294954776764
2019-06-28,0.12795250117778778
2019-07-01,0.12800933420658112
2019-07-02,0.12800376117229462
2019-07-03,0.12821483612060547
2019-07-04,0.12825611233711243
2019-07-05,0.12845000624656677
2019-07-08,0.12826432287693024
2019-07-09,0.1282232105731964
2019-07-10,0.12806063890457153
2019-07-11,0.12793941795825958
2019-07-12,0.12784618139266968
2019-07-15,0.12779372930526733
2019-07-16,0.12776777148246765
2019-07-17,0.12792599201202393
2019-07-18,0.12797674536705017
2019-07-19,0.12796151638031006
2019-07-22,0.12807868421077728
2019-07-23,0.12804441154003143
2019-07-24,0.12804031372070312
2019-07-25,0.12798607349395752
2019-07-26,0.12794137001037598
2019-07-29,0.1279132217168808
2019-07-30,0.12785418331623077
2019-07-31,0.12782639265060425
2019-08-01,0.12776042520999908
2019-08-02,0.127790629863739
2019-08-05,0.12769468128681183
2019-08-06,0.1274924874305725
2019-08-07,0.1275884509086609
2019-08-08,0.12755915522575378
2019-08-09,0.127531498670578
2019-08-12,0.12752173840999603
2019-08-13,0.12747298181056976
2019-08-14,0.1274697333574295
2019-08-15,0.12746712565422058
2019-08-16,0.12751035392284393
2019-08-19,0.1274924874305725
2019-08-20,0.12748759984970093
2019-08-21,0.12752418220043182
2019-08-22,0.1275022327899933
2019-08-23,0.12755264341831207
2019-08-26,0.12750385701656342
2019-08-27,0.1274697333574295
2019-08-28,0.12744373083114624
2019-08-29,0.12749995291233063
2019-08-30,0.12745672464370728
2019-09-02,0.12751361727714539
2019-09-03,0.12751848995685577
2019-09-04,0.12748759984970093
2019-09-05,0.12753963470458984
2019-09-06,0.1275884509086609
2019-09-09,0.12755101919174194
2019-09-10,0.12757641077041626
2019-09-11,0.12755297124385834
2019-09-12,0.12758518755435944
2019-09-13,0.12779225409030914
2019-09-16,0.12781022489070892
2019-09-17,0.12789195775985718
2019-09-18,0.12782983481884003
2019-09-19,0.12772925198078156
2019-09-20,0.12770609557628632
2019-09-23,0.12755849957466125
2019-09-24,0.12757380306720734
2019-09-25,0.12754125893115997
2019-09-26,0.1275656670331955
2019-09-27,0.12757867574691772
2019-09-30,0.1275472790002823
2019-10-01,0.127577543258667
2019-10-02,0.12751474976539612
2019-10-03,0.12750548124313354
2019-10-04,0.12751848995685577
2019-10-07,0.12752173840999603
2019-10-08,0.12750710546970367
2019-10-09,0.12748174369335175
2019-10-10,0.12747134268283844
2019-10-11,0.127513125538826
2019-10-14,0.12749896943569183
2019-10-15,0.12747524678707123
2019-10-16,0.12746647000312805
2019-10-17,0.12747298181056976
2019-10-18,0.1274859756231308
2019-10-21,0.12750710546970367
2019-10-22,0.12751621007919312
2019-10-23,0.127513125538826
2019-10-24,0.12752987444400787
2019-10-25,0.12757867574691772
2019-10-28,0.12759821116924286
2019-10-29,0.12757055461406708
2019-10-30,0.12755687534809113
2019-10-31,0.12756207585334778
2019-11-01,0.12760473787784576
2019-11-04,0.12759985029697418
2019-11-05,0.1276063621044159
2019-11-06,0.12767478823661804
2019-11-07,0.1277715265750885
2019-11-08,0.12778572738170624
2019-11-11,0.12774263322353363
2019-11-12,0.1277855634689331
2019-11-13,0.12773512303829193
2019-11-14,0.1277449131011963
2019-11-15,0.12774817645549774
2019-11-18,0.12777169048786163
2019-11-19,0.12776418030261993
2019-11-20,0.1277579814195633
2019-11-21,0.12777593731880188
2019-11-22,0.1278739720582962
2019-11-25,0.12779225409030914
2019-11-26,0.12778589129447937
2019-11-27,0.12773840129375458
2019-11-28,0.1277569979429245
2019-11-29,0.12776124477386475
2019-12-02,0.12774164974689484
2019-12-03,0.12774164974689484
2019-12-04,0.12771882116794586
2019-12-05,0.1277334988117218
2019-12-06,0.12773512303829193
2019-12-09,0.12773089110851288
2019-12-10,0.12774084508419037
2019-12-11,0.12776777148246765
2019-12-12,0.12806294858455658
2019-12-13,0.12811478972434998
2019-12-16,0.128225177526474
2019-12-17,0.12832587957382202
2019-12-18,0.1284191608428955
2019-12-19,0.1284010261297226
2019-12-20,0.12829723954200745
2019-12-23,0.1282569169998169
2019-12-24,0.12842081487178802
2019-12-25,0.1284010261297226
2019-12-26,0.1283927857875824
2019-12-27,0.12840431928634644
2019-12-30,0.12841372191905975
2019-12-31,0.1284010261297226
2020-01-01,0.1284274011850357
2020-01-02,0.12832851707935333
2020-01-03,0.12839771807193756
2020-01-06,0.12850992381572723
2020-01-07,0.12869350612163544
2020-01-08,0.12857933342456818
2020-01-09,0.12859751284122467
2020-01-10,0.12875846028327942
2020-01-13,0.12875762581825256
2020-01-14,0.12867528200149536
2020-01-15,0.12859073281288147
2020-01-16,0.12867528200149536
2020-01-17,0.12867364287376404
2020-01-20,0.12873607873916626
2020-01-21,0.12871338427066803
2020-01-22,0.12869681417942047
2020-01-23,0.12868522107601166
2020-01-24,0.12866204977035522
2020-01-27,0.12862662971019745
2020-01-28,0.12858262658119202
2020-01-29,0.12861007452011108
2020-01-30,0.12865062057971954
2020-01-31,0.1287415474653244
2020-02-03,0.1287715584039688
2020-02-04,0.12876641750335693
2020-02-05,0.12875978648662567
2020-02-06,0.12880954146385193
2020-02-07,0.1288083791732788
2020-02-10,0.12876974046230316
2020-02-11,0.1287630945444107
2020-02-12,0.12877967953681946
2020-02-13,0.12871834635734558
2020-02-14,0.12875646352767944
2020-02-17,0.12874552607536316
2020-02-18,0.12873658537864685
2020-02-19,0.12872332334518433
2020-02-20,0.12865029275417328
2020-02-21,0.12852314114570618
2020-02-24,0.12833774089813232
2020-02-25,0.12833411991596222
2020-02-26,0.12837547063827515
2020-02-27,0.12832818925380707
2020-02-28,0.1282939463853836
2020-03-02,0.12831896543502808
2020-03-03,0.12851983308792114
2020-03-04,0.128698468208313
2020-03-05,0.12867115437984467
2020-03-06,0.12868820130825043
2020-03-09,0.1287117302417755
2020-03-10,0.12868356704711914
2020-03-11,0.1287299543619156
2020-03-12,0.12872497737407684
2020-03-13,0.1285908967256546
2020-03-16,0.12881186604499817
2020-03-17,0.12877139449119568
2020-03-18,0.12883111834526062
2020-03-19,0.12880787253379822
2020-03-20,0.12883725762367249
2020-03-23,0.1288864016532898
2020-03-24,0.1289324313402176
2020-03-25,0.12898632884025574
2020-03-26,0.12898898124694824
2020-03-27,0.1289956420660019
2020-03-30,0.12901560962200165
2020-03-31,0.12896569073200226
2020-04-01,0.12900196015834808
2020-04-02,0.12900063395500183
2020-04-03,0.12900646030902863
2020-04-06,0.12898732721805573
2020-04-07,0.1290072798728943
2020-04-08,0.12899647653102875
2020-04-09,0.12900546193122864
2020-04-10,0.12898565828800201
2020-04-13,0.12900395691394806
2020-04-14,0.12899231910705566
2020-04-15,0.129008948802948
2020-04-16,0.12901394069194794
2020-04-17,0.12901876866817474
2020-04-20,0.12901976704597473
2020-04-21,0.12902726233005524
2020-04-22,0.12903359532356262
2020-04-23,0.12902842462062836
2020-04-24,0.1290222704410553
2020-04-27,0.12902392446994781
2020-04-28,0.1290244311094284
2020-04-29,0.12902726233005524
2020-04-30,0.12903225421905518
2020-05-01,0.12900495529174805
2020-05-04,0.128996804356575
2020-05-05,0.12898066639900208
2020-05-06,0.12898150086402893
2020-05-07,0.12899896502494812
2020-05-08,0.12901893258094788
2020-05-11,0.12901444733142853
2020-05-12,0.12902376055717468
2020-05-13,0.12902392446994781
2020-05-14,0.12901893258094788
2020-05-15,0.1290179342031479
2020-05-18,0.1290206015110016
2020-05-19,0.12901394069194794
2020-05-20,0.12902559340000153
2020-05-21,0.12903225421905518
2020-05-22,0.12896069884300232
2020-05-25,0.1289198100566864
2020-05-26,0.12895937263965607
2020-05-27,0.1289781630039215
2020-05-28,0.1289760172367096
2020-05-29,0.12898732721805573
2020-06-01,0.12898282706737518
2020-06-02,0.129008948802948
2020-06-03,0.12902392446994781
2020-06-04,0.12903225421905518
2020-06-05,0.12903058528900146
2020-06-08,0.1290302574634552
2020-06-09,0.1290072798728943
2020-06-10,0.12901560962200165
2020-06-11,0.1290339231491089
2020-06-12,0.12902893126010895
2020-06-15,0.12903225421905518
2020-06-16,0.12903209030628204
2020-06-17,0.1290355771780014
2020-06-18,0.1290339231491089
2020-06-19,0.12903225421905518
2020-06-22,0.12903209030628204
2020-06-23,0.12903225421905518
2020-06-24,0.12903058528900146
2020-06-25,0.1290222704410553
2020-06-26,0.1290072798728943
2020-06-29,0.12903225421905518
2020-06-30,0.12902893126010895
2020-07-01,0.1290222704410553
2020-07-02,0.12902392446994781
2020-07-03,0.12902893126010895
2020-07-06,0.12903009355068207
2020-07-07,0.1290206015110016
2020-07-08,0.12902392446994781
2020-07-09,0.1290302574634552
2020-07-10,0.1290302574634552
2020-07-13,0.12900829315185547
2020-07-14,0.12901893258094788
2020-07-15,0.12901727855205536
2020-07-16,0.1289956420660019
2020-07-17,0.1289706826210022
2020-07-20,0.12898565828800201
2020-07-21,0.12900228798389435
2020-07-22,0.1290191113948822
2020-07-23,0.12898565828800201
2020-07-24,0.12900562584400177
2020-07-27,0.12901760637760162
2020-07-28,0.12901227176189423
2020-07-29,0.12902893126010895
2020-07-30,0.1290302574634552
2020-07-31,0.1290339231491089
2020-08-03,0.12903225421905518
2020-08-04,0.1290206015110016
2020-08-05,0.12902893126010895
2020-08-06,0.12901394069194794
2020-08-07,0.12902559340000153
2020-08-10,0.1290329247713089
2020-08-11,0.1290334314107895
2020-08-12,0.1290339231491089
2020-08-13,0.12901560962200165
2020-08-14,0.12903925776481628
2020-08-17,0.12902243435382843
2020-08-18,0.12902893126010895
2020-08-19,0.12902893126010895
2020-08-20,0.12901893258094788
2020-08-21,0.1290222704410553
2020-08-24,0.1290324181318283
2020-08-25,0.12902392446994781
2020-08-26,0.12902726233005524
2020-08-27,0.1290206015110016
2020-08-28,0.12903058528900146
2020-08-31,0.12902642786502838
2020-09-01,0.12903276085853577
2020-09-02,0.12902726233005524
2020-09-03,0.12903058528900146
2020-09-04,0.12903225421905518
2020-09-07,0.12902909517288208
2020-09-08,0.12903058528900146
2020-09-09,0.12902893126010895
2020-09-10,0.1290222704410553
2020-09-11,0.12902893126010895
2020-09-14,0.1290302574634552
2020-09-15,0.12902893126010895
2020-09-16,0.12903541326522827
2020-09-17,0.1290206015110016
2020-09-18,0.1290339231491089
2020-09-21,0.1290355771780014
2020-09-22,0.1290339231491089
2020-09-23,0.1290339231491089
2020-09-24,0.1290339231491089
2020-09-25,0.12903225421905518
2020-09-28,0.12903408706188202
2020-09-29,0.12903058528900146
2020-09-30,0.1290355771780014
2020-10-01,0.1290339231491089
2020-10-02,0.12903225421905518
2020-10-05,0.12903225421905518
2020-10-06,0.1290312558412552
2020-10-07,0.1290339231491089
2020-10-08,0.12903524935245514
2020-10-09,0.12903492152690887
2020-10-12,0.12903259694576263
2020-10-13,0.1290355771780014
2020-10-14,0.12897899746894836
2020-10-15,0.12903575599193573
2020-10-16,0.12903276085853577
2020-10-19,0.12902942299842834
2020-10-20,0.12903276085853577
2020-10-21,0.12901227176189423
2020-10-22,0.1290355771780014
2020-10-23,0.12897400557994843
2020-10-26,0.12903591990470886
2020-10-27,0.12896236777305603
2020-10-28,0.1290222704410553
2020-10-29,0.12903058528900146
2020-10-30,0.1290084570646286
2020-11-02,0.12898914515972137
2020-11-03,0.12901560962200165
2020-11-04,0.12898066639900208
2020-11-05,0.12895937263965607
2020-11-06,0.128965362906456
2020-11-09,0.12897683680057526
2020-11-10,0.12899446487426758
2020-11-11,0.1289723515510559
2020-11-12,0.12896636128425598
2020-11-13,0.1289691925048828
2020-11-16,0.12897667288780212
2020-11-17,0.128976508975029
2020-11-18,0.1289941519498825
2020-11-19,0.12899430096149445
2020-11-20,0.12898898124694824
2020-11-23,0.1289956420660019
2020-11-24,0.1289956420660019
2020-11-25,0.129008948802948
2020-11-26,0.12901294231414795
2020-11-27,0.1290206015110016
2020-11-30,0.1290244311094284
2020-12-01,0.1290121078491211
2020-12-02,0.12900063395500183
2020-12-03,0.12899896502494812
2020-12-04,0.12901227176189423
2020-12-07,0.1290244311094284
2020-12-08,0.12901893258094788
2020-12-09,0.12900929152965546
2020-12-10,0.12900878489017487
2020-12-11,0.1290094554424286
2020-12-14,0.1290121078491211
2020-12-15,0.12900562584400177
2020-12-16,0.12901227176189423
2020-12-17,0.129008948802948
2020-12-18,0.12899747490882874
2020-12-21,0.12899664044380188
2020-12-22,0.12898847460746765
2020-12-23,0.12898898124694824
2020-12-24,0.1289929747581482
2020-12-25,0.12897732853889465
2020-12-28,0.12897451221942902
2020-12-29,0.12895572185516357
2020-12-30,0.12896952033042908
2020-12-31,0.12899596989154816
2021-01-01,0.12897899746894836
2021-01-04,0.12898217141628265
2021-01-05,0.12898199260234833
2021-01-06,0.12898649275302887
2021-01-07,0.1289839893579483
2021-01-08,0.1289823353290558
2021-01-11,0.12895986437797546
2021-01-12,0.1289474070072174
2021-01-13,0.12896420061588287
2021-01-14,0.12897567451000214
2021-01-15,0.12897899746894836
2021-01-18,0.1289781630039215
2021-01-19,0.12898066639900208
2021-01-20,0.12899930775165558
2021-01-21,0.12900228798389435
2021-01-22,0.12900562584400177
2021-01-25,0.12900379300117493
2021-01-26,0.129008948802948
2021-01-27,0.12900395691394806
2021-01-28,0.12900462746620178
2021-01-29,0.1289903074502945
2021-02-01,0.12898482382297516
2021-02-02,0.12898865342140198
2021-02-03,0.1290106177330017
2021-02-04,0.12901128828525543
2021-02-05,0.12899065017700195
2021-02-08,0.12899132072925568
2021-02-09,0.12899580597877502
2021-02-10,0.12900513410568237
2021-02-11,0.1289956420660019
2021-02-12,0.12898732721805573
2021-02-15,0.1289941519498825
2021-02-16,0.12899181246757507
2021-02-17,0.12899763882160187
2021-02-18,0.12899065017700195
2021-02-19,0.12898565828800201
2021-02-22,0.12898649275302887
2021-02-23,0.1289706826210022
2021-02-24,0.1289723515510559
2021-02-25,0.1289573758840561
2021-02-26,0.12896735966205597
2021-03-01,0.12892445921897888
2021-03-02,0.12893742322921753
2021-03-03,0.1289108395576477
2021-03-04,0.1289324313402176
2021-03-05,0.12887759506702423
2021-03-08,0.1288020759820938
2021-03-09,0.12872397899627686
2021-03-10,0.12883874773979187
2021-03-11,0.12884771823883057
2021-03-12,0.1288948804140091
2021-03-15,0.1288219839334488
2021-03-16,0.12879528105258942
2021-03-17,0.12877967953681946
2021-03-18,0.12878300249576569
2021-03-19,0.12878714501857758
2021-03-22,0.1287788450717926
2021-03-23,0.12876807153224945
2021-03-24,0.1287509948015213
2021-03-25,0.12872497737407684
2021-03-26,0.12872695922851562
2021-03-29,0.12871918082237244
2021-03-30,0.12865492701530457
2021-03-31,0.12861405313014984
2021-04-01,0.12862464785575867
2021-04-02,0.1286090910434723
2021-04-05,0.128596693277359
2021-04-06,0.12860925495624542
2021-04-07,0.1286008208990097
2021-04-08,0.12846073508262634
2021-04-09,0.12858660519123077
2021-04-12,0.12857337296009064
2021-04-13,0.12863655388355255
2021-04-14,0.12865939736366272
2021-04-15,0.12876807153224945
2021-04-16,0.12874817848205566
2021-04-19,0.12868091464042664
2021-04-20,0.12877139449119568
2021-04-21,0.12884356081485748
2021-04-22,0.12882114946842194
2021-04-23,0.12886863946914673
2021-04-26,0.1288510411977768
2021-04-27,0.1288510411977768
2021-04-28,0.1288277953863144
2021-04-29,0.12882612645626068
2021-04-30,0.12881070375442505
2021-05-03,0.1287531554698944
2021-05-04,0.12876476347446442
2021-05-05,0.12873028218746185
2021-05-06,0.12871022522449493
2021-05-07,0.1287299543619156
2021-05-10,0.1287730485200882
2021-05-11,0.12877702713012695
2021-05-12,0.12872613966464996
2021-05-13,0.12876243889331818
2021-05-14,0.12873491644859314
2021-05-17,0.12874652445316315
2021-05-18,0.12876176834106445
2021-05-19,0.1287778615951538
2021-05-20,0.1287846565246582
2021-05-21,0.1288277953863144
2021-05-24,0.12879826128482819
2021-05-25,0.12879377603530884
2021-05-26,0.12882447242736816
2021-05-27,0.12881949543952942
2021-05-28,0.12886099517345428
2021-05-31,0.1288352608680725
2021-06-01,0.12884937226772308
2021-06-02,0.12887926399707794
2021-06-03,0.12889155745506287
2021-06-04,0.1288992017507553
2021-06-07,0.12891365587711334
2021-06-08,0.12887926399707794
2021-06-09,0.12886597216129303
2021-06-10,0.12886597216129303
2021-06-11,0.12885767221450806
2021-06-14,0.12884074449539185
2021-06-15,0.12883277237415314
2021-06-16,0.12881484627723694
2021-06-17,0.12881717085838318
2021-06-18,0.12879593670368195
2021-06-21,0.12879295647144318
2021-06-22,0.12878930568695068
2021-06-23,0.12876476347446442
2021-06-24,0.12878714501857758
2021-06-25,0.1288161724805832
2021-06-28,0.1288405805826187
2021-06-29,0.12881982326507568
2021-06-30,0.12881119549274445
2021-07-01,0.1287936121225357
2021-07-02,0.1287699043750763
2021-07-05,0.1287773698568344
2021-07-06,0.1287432163953781
2021-07-07,0.12875232100486755
2021-07-08,0.12873658537864685
2021-07-09,0.12873823940753937
2021-07-12,0.1287468522787094
2021-07-13,0.1287614405155182
2021-07-14,0.12876641750335693
2021-07-15,0.1287662535905838
2021-07-16,0.12873491644859314
2021-07-19,0.12873342633247375
2021-07-20,0.1286885291337967
2021-07-21,0.12866204977035522
2021-07-22,0.12865608930587769
2021-07-23,0.12868522107601166
2021-07-26,0.12871718406677246
2021-07-27,0.1285545378923416
2021-07-28,0.12849324941635132
2021-07-29,0.1285264492034912
2021-07-30,0.12869946658611298
2021-08-02,0.12866535782814026
2021-08-03,0.12863804399967194
2021-08-04,0.12858262658119202
2021-08-05,0.12860827147960663
2021-08-06,0.12859469652175903
2021-08-09,0.12853139638900757
2021-08-10,0.12848350405693054
2021-08-11,0.12851983308792114
2021-08-12,0.12856164574623108
2021-08-13,0.12850728631019592
2021-08-16,0.128498375415802
2021-08-17,0.12846848368644714
2021-08-18,0.12834005057811737
2021-08-19,0.12840431928634644
2021-08-20,0.128376305103302
2021-08-23,0.12835800647735596
2021-08-24,0.1283433437347412
2021-08-25,0.12840597331523895
2021-08-26,0.12847690284252167
2021-08-27,0.12841619551181793
2021-08-30,0.12841257452964783
2021-08-31,0.12841768562793732
2021-09-01,0.12856940925121307
2021-09-02,0.12858924269676208
2021-09-03,0.1286802589893341
2021-09-06,0.12868522107601166
2021-09-07,0.1286388635635376
2021-09-08,0.12862597405910492
2021-09-09,0.12860925495624542
2021-09-10,0.12858031690120697
2021-09-13,0.12856924533843994
2021-09-14,0.1285456120967865
2021-09-15,0.12854130566120148
2021-09-16,0.12851488590240479
2021-09-17,0.12848812341690063
2021-09-20,0.12850283086299896
2021-09-21,0.12842147052288055
2021-09-22,0.12843036651611328
2021-09-23,0.12844224274158478
2021-09-24,0.12845264375209808
2021-09-27,0.12844720482826233
2021-09-28,0.12849010527133942
2021-09-29,0.12848515808582306
2021-09-30,0.12845396995544434
2021-10-01,0.12843334674835205
2021-10-04,0.12844720482826233
2021-10-05,0.12841257452964783
2021-10-06,0.1284506618976593
2021-10-07,0.128431037068367
2021-10-08,0.12845446169376373
2021-10-11,0.12846370041370392
2021-10-12,0.12855766713619232
2021-10-13,0.1285185068845749
2021-10-14,0.1285528838634491
2021-10-15,0.12854544818401337
2021-10-18,0.12856610119342804
2021-10-19,0.12858180701732635
2021-10-20,0.12861868739128113
2021-10-21,0.1286388635635376
2021-10-22,0.12861554324626923
2021-10-25,0.12865756452083588
2021-10-26,0.12862977385520935
2021-10-27,0.1286008208990097
2021-10-28,0.128562793135643
2021-10-29,0.12856775522232056
2021-11-01,0.12853090465068817
2021-11-02,0.12849655747413635
2021-11-03,0.12851355969905853
2021-11-04,0.12848186492919922
2021-11-05,0.12848515808582306
2021-11-08,0.1284729391336441
2021-11-09,0.1283964067697525
2021-11-10,0.12836970388889313
2021-11-11,0.12835504114627838
2021-11-12,0.1283417046070099
2021-11-15,0.12834087014198303
2021-11-16,0.12838849425315857
2021-11-17,0.12841421365737915
2021-11-18,0.12838783860206604
2021-11-19,0.1283876746892929
2021-11-22,0.12835422158241272
2021-11-23,0.12836311757564545
2021-11-24,0.1283087581396103
2021-11-25,0.12823159992694855
2021-11-26,0.12826597690582275
2021-11-29,0.12823931872844696
2021-11-30,0.1282128542661667
2021-12-01,0.12824787199497223
2021-12-02,0.12831221520900726
2021-12-03,0.1283417046070099
2021-12-06,0.12828077375888824
2021-12-07,0.12817981839179993
2021-12-08,0.1282297819852829
2021-12-09,0.12824130058288574
2021-12-10,0.1282585710287094
2021-12-13,0.12822748720645905
2021-12-14,0.12818047404289246
2021-12-15,0.12819033861160278
2021-12-16,0.12815912067890167
2021-12-17,0.12815172970294952
2021-12-20,0.1281694769859314
2021-12-21,0.12819033861160278
2021-12-22,0.1281873732805252
2021-12-23,0.12821023166179657
2021-12-24,0.1282297819852829
2021-12-27,0.12821581959724426
2021-12-28,0.1282297819852829
2021-12-29,0.1282380074262619
2021-12-30,0.12826186418533325
2021-12-31,0.1282452493906021
2022-01-03,0.12827222049236298
2022-01-04,0.12824293971061707
2022-01-05,0.12831205129623413
2022-01-06,0.12828408181667328
2022-01-07,0.12819494307041168
2022-01-10,0.12823520600795746
2022-01-11,0.12827913463115692
2022-01-12,0.12827090919017792
2022-01-13,0.1283402144908905
2022-01-14,0.12840448319911957
2022-01-17,0.1284656822681427
2022-01-18,0.12837135791778564
2022-01-19,0.1283293515443802
2022-01-20,0.1283479630947113
2022-01-21,0.12843532860279083
2022-01-24,0.1284181773662567
2022-01-25,0.1284325122833252
2022-01-26,0.1284460425376892
2022-01-27,0.12842756509780884
2022-01-28,0.12837959825992584
2022-01-31,0.12831123173236847
2022-02-01,0.12824968993663788
2022-02-02,0.12830151617527008
2022-02-03,0.12827913463115692
2022-02-04,0.12831947207450867
2022-02-07,0.12840431928634644
2022-02-08,0.12833692133426666
2022-02-09,0.12831534445285797
2022-02-10,0.128351092338562
2022-02-11,0.128261536359787
2022-02-14,0.1281914860010147
2022-02-15,0.1281624138355255
2022-02-16,0.12818442285060883
2022-02-17,0.12821334600448608
2022-02-18,0.12821991741657257
2022-02-21,0.12820939719676971
2022-02-22,0.12819033861160278
2022-02-23,0.12817883491516113
2022-02-24,0.12812185287475586
2022-02-25,0.12808197736740112
2022-02-28,0.1280823051929474
2022-03-01,0.1279875487089157
2022-03-02,0.12794432044029236
2022-03-03,0.12798000872135162
2022-03-04,0.12794923782348633
2022-03-07,0.12796559929847717
2022-03-08,0.12790504097938538
2022-03-09,0.1279001384973526
2022-03-10,0.12789244949817657
2022-03-11,0.12783195078372955
2022-03-14,0.12774622440338135
2022-03-15,0.127731055021286
2022-03-16,0.12776777148246765
2022-03-17,0.1278703808784485
2022-03-18,0.12790553271770477
2022-03-21,0.12781284749507904
2022-03-22,0.1277950406074524
2022-03-23,0.12776826322078705
2022-03-24,0.12781742215156555
2022-03-25,0.1278216689825058
2022-03-28,0.12773986160755157
2022-03-29,0.1277334988117218
2022-03-30,0.12775960564613342
2022-03-31,0.1277620494365692
2022-04-01,0.1276571899652481
2022-04-04,0.12763893604278564
2022-04-05,0.1276412159204483
2022-04-06,0.1276526302099228
2022-04-07,0.12759806215763092
2022-04-08,0.12760847806930542
2022-04-11,0.12756957113742828
2022-04-12,0.12758682668209076
2022-04-13,0.12759284675121307
2022-04-14,0.1275711953639984
2022-04-15,0.12750841677188873
2022-04-18,0.1274924874305725
2022-04-19,0.12752662599086761
2022-04-20,0.1275201141834259
2022-04-21,0.12748759984970093
2022-04-22,0.12747621536254883
2022-04-25,0.12744876742362976
2022-04-26,0.12743546068668365
2022-04-27,0.12745997309684753
2022-04-28,0.12744860351085663
2022-04-29,0.1274421066045761
2022-05-02,0.12743723392486572
2022-05-03,0.12742911279201508
2022-05-04,0.12743301689624786
2022-05-05,0.12742099165916443
2022-05-06,0.12740151584148407
2022-05-09,0.12739421427249908
2022-05-10,0.1273982673883438
2022-05-11,0.12739421427249908
2022-05-12,0.12739242613315582
2022-05-13,0.12739112973213196
2022-05-16,0.12739291787147522
2022-05-17,0.12738853693008423
2022-05-18,0.12739859521389008
2022-05-19,0.1274080127477646
2022-05-20,0.12742263078689575
2022-05-23,0.1274164468050003
2022-05-24,0.1274031400680542
2022-05-25,0.12740379571914673
2022-05-26,0.12739664316177368
2022-05-27,0.12740151584148407
2022-05-30,0.12740379571914673
2022-05-31,0.1274179220199585
2022-06-01,0.1274336725473404
2022-06-02,0.1274302452802658
2022-06-03,0.1274736225605011
2022-06-06,0.1274578720331192
2022-06-07,0.12745997309684753
2022-06-08,0.12746387720108032
2022-06-09,0.12742359936237335
2022-06-10,0.1274080127477646
2022-06-13,0.1273997277021408
2022-06-14,0.1273917853832245
2022-06-15,0.12739016115665436
2022-06-16,0.12741126120090485
2022-06-17,0.12740151584148407
2022-06-20,0.1273937225341797
2022-06-21,0.12739340960979462
2022-06-22,0.12739291787147522
2022-06-23,0.12739664316177368
2022-06-24,0.1273982673883438
2022-06-27,0.12740330398082733
2022-06-28,0.12744373083114624
2022-06-29,0.12745672464370728
2022-06-30,0.12745364010334015
2022-07-01,0.1274356096982956
2022-07-04,0.12744048237800598
2022-07-05,0.12745347619056702
2022-07-06,0.12744340300559998
2022-07-07,0.12743885815143585
2022-07-08,0.1274292767047882
2022-07-11,0.12740784883499146
2022-07-12,0.12739340960979462
2022-07-13,0.12739340960979462
2022-07-14,0.12739989161491394
2022-07-15,0.12739405035972595
2022-07-18,0.12739503383636475
2022-07-19,0.1273917853832245
2022-07-20,0.12738041579723358
2022-07-21,0.12739519774913788
2022-07-22,0.12741126120090485
2022-07-25,0.12739762663841248
2022-07-26,0.1274026483297348
2022-07-27,0.12740054726600647
2022-07-28,0.1274031400680542
2022-07-29,0.12739664316177368
2022-08-01,0.12739762663841248
2022-08-02,0.1273917853832245
2022-08-03,0.12739340960979462
2022-08-04,0.1273982673883438
2022-08-05,0.12739664316177368
2022-08-08,0.1273917853832245
2022-08-09,0.1273922622203827
2022-08-10,0.12739340960979462
2022-08-11,0.12744373083114624
2022-08-12,0.12750548124313354
2022-08-15,0.12757380306720734
2022-08-16,0.12758518755435944
2022-08-17,0.12753638625144958
2022-08-18,0.12751035392284393
2022-08-19,0.12749409675598145
2022-08-22,0.12745022773742676
2022-08-23,0.12745022773742676
2022-08-24,0.1274469792842865
2022-08-25,0.12745672464370728
2022-08-26,0.12744860351085663
2022-08-29,0.12742586433887482
2022-08-30,0.12743398547172546
2022-08-31,0.12740638852119446
2022-09-01,0.12742002308368683
2022-09-02,0.12742099165916443
2022-09-05,0.1274101287126541
2022-09-06,0.1274080127477646
2022-09-07,0.12739664316177368
2022-09-08,0.1274002194404602
2022-09-09,0.12740476429462433
2022-09-12,0.1274080127477646
2022-09-13,0.12741027772426605
2022-09-14,0.12739664316177368
2022-09-15,0.12740865349769592
2022-09-16,0.12740476429462433
2022-09-19,0.1274021714925766
2022-09-20,0.12740638852119446
2022-09-21,0.1274002194404602
2022-09-22,0.1273937225341797
2022-09-23,0.12740638852119446
2022-09-26,0.12739534676074982
2022-09-27,0.1274002194404602
2022-09-28,0.12739503383636475
2022-09-29,0.1274080127477646
2022-09-30,0.12739503383636475
2022-10-03,0.12739405035972595
2022-10-04,0.12737230956554413
2022-10-05,0.12739454209804535
2022-10-06,0.12739762663841248
2022-10-07,0.12739016115665436
2022-10-10,0.12739454209804535
2022-10-11,0.12739357352256775
2022-10-12,0.1273917853832245
2022-10-13,0.12739697098731995
2022-10-14,0.12739534676074982
2022-10-17,0.1273982673883438
2022-10-18,0.12740151584148407
2022-10-19,0.12739680707454681
2022-10-20,0.12740151584148407
2022-10-21,0.12741175293922424
2022-10-24,0.1273982673883438
2022-10-25,0.12739454209804535
2022-10-26,0.12739989161491394
2022-10-27,0.12739989161491394
2022-10-28,0.12739989161491394
2022-10-31,0.1274089813232422
2022-11-01,0.12739697098731995
2022-11-02,0.12739454209804535
2022-11-03,0.12739405035972595
2022-11-04,0.12739242613315582
2022-11-07,0.12739647924900055
2022-11-08,0.12738853693008423
2022-11-09,0.1274031400680542
2022-11-10,0.1273987591266632
2022-11-11,0.127463236451149
2022-11-14,0.12762199342250824
2022-11-15,0.12761613726615906
2022-11-16,0.12787887454032898
2022-11-17,0.1278085857629776
2022-11-18,0.1277715265750885
2022-11-21,0.12789130210876465
2022-11-22,0.12813448905944824
2022-11-23,0.1279197633266449
2022-11-24,0.12790831923484802
2022-11-25,0.12806721031665802
2022-11-28,0.12807229161262512
2022-11-29,0.1279849261045456
2022-11-30,0.12802867591381073
2022-12-01,0.12812742590904236
2022-12-02,0.128542959690094
2022-12-05,0.12844984233379364
2022-12-06,0.12871834635734558
2022-12-07,0.12861306965351105
2022-12-08,0.12834498286247253
2022-12-09,0.1284712851047516
2022-12-12,0.1284216344356537
2022-12-13,0.1286206692457199
2022-12-14,0.1286206692457199
2022-12-15,0.12860743701457977
2022-12-16,0.12860478460788727
2022-12-19,0.1285586655139923
2022-12-20,0.12852974236011505
2022-12-21,0.12840431928634644
2022-12-22,0.1282692551612854
2022-12-23,0.12828242778778076
2022-12-26,0.1281474530696869
2022-12-27,0.12812136113643646
2022-12-28,0.1281985640525818
2022-12-29,0.12830695509910583
2022-12-30,0.12829723954200745
2023-01-02,0.12821745872497559
2023-01-03,0.12811478972434998
2023-01-04,0.1279885321855545
2023-01-05,0.12794743478298187
2023-01-06,0.1280163824558258
2023-01-09,0.1280767321586609
2023-01-10,0.12812627851963043
2023-01-11,0.1280655711889267
2023-01-12,0.1280229389667511
2023-01-13,0.128069669008255
2023-01-16,0.12803752720355988
2023-01-17,0.1280340850353241
2023-01-18,0.12790733575820923
2023-01-19,0.12782101333141327
2023-01-20,0.12771718204021454
2023-01-23,0.12775568664073944
2023-01-24,0.12769761681556702
2023-01-25,0.1276894509792328
2023-01-26,0.12772206962108612
2023-01-27,0.12774524092674255
2023-01-30,0.1277380734682083
2023-01-31,0.1276302933692932
2023-02-01,0.12755654752254486
2023-02-02,0.12756729125976562
2023-02-03,0.12747947871685028
2023-02-06,0.12744811177253723
2023-02-07,0.1274411380290985
2023-02-08,0.12741288542747498
2023-02-09,0.12740963697433472
2023-02-10,0.12739340960979462
2023-02-13,0.12740005552768707
2023-02-14,0.1273927539587021
2023-02-15,0.1274080127477646
2023-02-16,0.12744683027267456
2023-02-17,0.12740525603294373
2023-02-20,0.12747736275196075
2023-02-21,0.12765033543109894
2023-02-22,0.12747298181056976
2023-02-23,0.12746712565422058
2023-02-24,0.12743984162807465
2023-02-27,0.12742456793785095
2023-02-28,0.12747134268283844
2023-03-01,0.12740443646907806
2023-03-02,0.1274193674325943
2023-03-03,0.1273982673883438
2023-03-06,0.12739746272563934
2023-03-07,0.12739793956279755
2023-03-08,0.12739357352256775
2023-03-09,0.1273972988128662
2023-03-10,0.12739534676074982
2023-03-13,0.12742879986763
2023-03-14,0.12747621536254883
2023-03-15,0.12742099165916443
2023-03-16,0.12742018699645996
2023-03-17,0.127401202917099
2023-03-20,0.12740720808506012
2023-03-21,0.12750548124313354
2023-03-22,0.12745964527130127
2023-03-23,0.12743674218654633
2023-03-24,0.1273982673883438
2023-03-27,0.12739616632461548
2023-03-28,0.12739340960979462
2023-03-29,0.12739340960979462
2023-03-30,0.12739016115665436
2023-03-31,0.12739551067352295
2023-04-03,0.12739503383636475
2023-04-04,0.12744031846523285
2023-04-05,0.12739989161491394
2023-04-06,0.1273917853832245
2023-04-07,0.1273927539587021
2023-04-10,0.12739340960979462
2023-04-11,0.1273982673883438
2023-04-12,0.1273917853832245
2023-04-13,0.12743382155895233
2023-04-14,0.12739340960979462
2023-04-17,0.1274002194404602
2023-04-18,0.1274002194404602
2023-04-19,0.12740200757980347
2023-04-20,0.12740525603294373
2023-04-21,0.12740817666053772
2023-04-24,0.12742263078689575
2023-04-25,0.1274031400680542
2023-04-26,0.12739503383636475
2023-04-27,0.12739340960979462
2023-04-28,0.12739016115665436
2023-05-01,0.12739016115665436
2023-05-02,0.12739454209804535
2023-05-03,0.12739242613315582
2023-05-04,0.12740817666053772
2023-05-05,0.1274356096982956
2023-05-08,0.12743431329727173
2023-05-09,0.1274101287126541
2023-05-10,0.12752336263656616
2023-05-11,0.12767885625362396
2023-05-12,0.12760309875011444
2023-05-15,0.12751197814941406
2023-05-16,0.12757836282253265
2023-05-17,0.12757867574691772
2023-05-18,0.12771882116794586
2023-05-19,0.1277579814195633
2023-05-22,0.12792958319187164
2023-05-23,0.12773840129375458
2023-05-24,0.12760277092456818
2023-05-25,0.1277155578136444
2023-05-26,0.12763242423534393
2023-05-29,0.1276397556066513
2023-05-30,0.1277465522289276
2023-05-31,0.12764756381511688
2023-06-01,0.12769418954849243
2023-06-02,0.1276894509792328
2023-06-05,0.12759219110012054
2023-06-06,0.12758584320545197
2023-06-07,0.1275022327899933
2023-06-08,0.127555251121521
2023-06-09,0.1276034265756607
2023-06-12,0.12757055461406708
2023-06-13,0.12764187157154083
2023-06-14,0.12765994668006897
2023-06-15,0.12769924104213715
2023-06-16,0.1278352290391922
2023-06-19,0.12785795331001282
2023-06-20,0.12792468070983887
2023-06-21,0.12778246402740479
2023-06-22,0.12774164974689484
2023-06-23,0.12771229445934296
2023-06-26,0.12771832942962646
2023-06-27,0.12771065533161163
2023-06-28,0.12766321003437042
2023-06-29,0.12766598165035248
2023-06-30,0.12757055461406708
2023-07-03,0.1275949627161026
2023-07-04,0.12764708697795868
2023-07-05,0.1276910901069641
2023-07-06,0.12784290313720703
2023-07-07,0.12787069380283356
2023-07-10,0.1277579814195633
2023-07-11,0.12774328887462616
2023-07-12,0.12776613235473633
2023-07-13,0.1277875304222107
2023-07-14,0.1278543472290039
2023-07-17,0.12796396017074585
2023-07-18,0.1279759258031845
2023-07-19,0.12797707319259644
2023-07-20,0.12806721031665802
2023-07-21,0.1279803365468979
2023-07-24,0.12792517244815826
2023-07-25,0.12798410654067993
2023-07-26,0.12802129983901978
2023-07-27,0.12817226350307465
2023-07-28,0.12815682590007782
2023-07-31,0.1282631754875183
2023-08-01,0.12823931872844696
2023-08-02,0.1283005326986313
2023-08-03,0.12817423045635223
2023-08-04,0.12807048857212067
2023-08-07,0.1280163824558258
2023-08-08,0.12808361649513245
2023-08-09,0.1279737949371338
2023-08-10,0.1278703808784485
2023-08-11,0.12788377702236176
2023-08-14,0.12791649997234344
2023-08-15,0.12788867950439453
2023-08-16,0.12781022489070892
2023-08-17,0.12769272923469543
2023-08-18,0.12771882116794586
2023-08-21,0.12767086923122406
2023-08-22,0.12756729125976562
2023-08-23,0.1275855153799057
2023-08-24,0.12753801047801971
2023-08-25,0.12752987444400787
2023-08-28,0.12749670445919037
2023-08-29,0.127454936504364
2023-08-30,0.12745022773742676
2023-08-31,0.12745575606822968
2023-09-01,0.12751197814941406
2023-09-04,0.12746013700962067
2023-09-05,0.12762100994586945
2023-09-06,0.12752500176429749
2023-09-07,0.1275087296962738
2023-09-08,0.12760180234909058
2023-09-11,0.12754419445991516
2023-09-12,0.1276835948228836
2023-09-13,0.12775634229183197
2023-09-14,0.12777429819107056
2023-09-15,0.1277269721031189
2023-09-18,0.12778818607330322
2023-09-19,0.1279066801071167
2023-09-20,0.12786252796649933
2023-09-21,0.1278151273727417
2023-09-22,0.127860888838768
2023-09-25,0.12787052989006042
2023-09-26,0.12793679535388947
2023-09-27,0.12785598635673523
2023-09-28,0.12785957753658295
2023-09-29,0.1277245283126831
2023-10-02,0.12768782675266266
2023-10-03,0.12768293917179108
2023-10-04,0.1276715248823166
2023-10-05,0.1277334988117218
2023-10-06,0.1276959776878357
2023-10-09,0.12769010663032532
2023-10-10,0.12773512303829193
2023-10-11,0.12788966298103333
2023-10-12,0.12788215279579163
2023-10-13,0.1278151273727417
2023-10-16,0.1278231292963028
2023-10-17,0.12791812419891357
2023-10-18,0.12780696153640747
2023-10-19,0.1277369260787964
2023-10-20,0.1278170943260193
2023-10-23,0.1277915984392166
2023-10-24,0.12781397998332977
2023-10-25,0.1278192102909088
2023-10-26,0.12784618139266968
2023-10-27,0.12787069380283356
2023-10-30,0.12785157561302185
2023-10-31,0.12786579132080078
2023-11-01,0.12780581414699554
2023-11-02,0.12784144282341003
2023-11-03,0.12780337035655975
2023-11-06,0.12780989706516266
2023-11-07,0.12786252796649933
2023-11-08,0.12788215279579163
2023-11-09,0.12796461582183838
2023-11-10,0.1280590146780014
2023-11-13,0.12802162766456604
2023-11-14,0.12806393206119537
2023-11-15,0.12811775505542755
2023-11-16,0.1280890256166458
2023-11-17,0.1281663477420807
2023-11-20,0.12828028202056885
2023-11-21,0.1283319741487503
2023-11-22,0.1282774955034256
2023-11-23,0.1282626837491989
2023-11-24,0.12823307514190674
2023-11-27,0.1283417046070099
2023-11-28,0.128391295671463
2023-11-29,0.128295436501503
2023-11-30,0.1281377673149109
2023-12-01,0.1280367076396942
2023-12-04,0.12797410786151886
2023-12-05,0.12795038521289825
2023-12-06,0.12789195775985718
2023-12-07,0.12802834808826447
2023-12-08,0.1280163824558258
2023-12-11,0.1280498206615448
2023-12-12,0.12810330092906952
2023-12-13,0.12804916501045227
2023-12-14,0.12801802158355713
2023-12-15,0.12809181213378906
2023-12-18,0.12816733121871948
2023-12-19,0.1282857209444046
2023-12-20,0.12821170687675476
2023-12-21,0.1280924677848816
2023-12-22,0.12804819643497467
2023-12-25,0.12804295122623444
2023-12-26,0.12804260849952698
2023-12-27,0.12809346616268158
2023-12-28,0.12804260849952698
2023-12-29,0.12801146507263184
2024-01-01,0.1280737668275833
2024-01-02,0.12804654240608215
2024-01-03,0.127960205078125
2024-01-04,0.12808197736740112
2024-01-05,0.12805572152137756
2024-01-08,0.12802064418792725
2024-01-09,0.12810657918453217
2024-01-10,0.12794563174247742
2024-01-11,0.12787887454032898
2024-01-12,0.1279132217168808
2024-01-15,0.12787772715091705
2024-01-16,0.12783277034759521
2024-01-17,0.12777429819107056
2024-01-18,0.12783652544021606
2024-01-19,0.1278558224439621
2024-01-22,0.1279253363609314
2024-01-23,0.12791910767555237
2024-01-24,0.12784454226493835
2024-01-25,0.12791486084461212
2024-01-26,0.12790340185165405
2024-01-29,0.12798984348773956
2024-01-30,0.12797871232032776
2024-01-31,0.1279263198375702
2024-02-01,0.12791812419891357
2024-02-02,0.12787561118602753
2024-02-05,0.1278553307056427
2024-02-06,0.12785108387470245
2024-02-07,0.1278407871723175
2024-02-08,0.12789195775985718
2024-02-09,0.12785598635673523
2024-02-12,0.12788410484790802
2024-02-13,0.1279151886701584
2024-02-14,0.12788771092891693
2024-02-15,0.1279081553220749
2024-02-16,0.12787674367427826
2024-02-19,0.1278674304485321
2024-02-20,0.12786252796649933
2024-02-21,0.1278623640537262
2024-02-22,0.12786661088466644
2024-02-23,0.12783636152744293
2024-02-26,0.12781284749507904
2024-02-27,0.12780825793743134
2024-02-28,0.12780369818210602
2024-02-29,0.12774981558322906
2024-03-01,0.12774018943309784
2024-03-04,0.12774164974689484
2024-03-05,0.12779715657234192
2024-03-06,0.1278056502342224
2024-03-07,0.12781186401844025
2024-03-08,0.12787069380283356
2024-03-11,0.1278713494539261
2024-03-12,0.1278543472290039
2024-03-13,0.12781120836734772
2024-03-14,0.12782688438892365
2024-03-15,0.12784388661384583
2024-03-18,0.12784749269485474
2024-03-19,0.127886563539505
2024-03-20,0.12783309817314148
2024-03-21,0.1278281956911087
2024-03-22,0.12786416709423065
2024-03-25,0.12785369157791138
2024-03-26,0.12785401940345764
2024-03-27,0.1278286874294281
2024-03-28,0.12782002985477448
2024-03-29,0.1277841031551361
2024-04-01,0.12778720259666443
2024-04-02,0.12779225409030914
2024-04-03,0.1277400255203247
2024-04-04,0.12773872911930084
2024-04-05,0.1277269721031189
2024-04-08,0.12773708999156952
2024-04-09,0.12768620252609253
2024-04-10,0.12770593166351318
2024-04-11,0.12762753665447235
2024-04-12,0.12758682668209076
2024-04-15,0.12759529054164886
2024-04-16,0.12773187458515167
2024-04-17,0.1276826113462448
2024-04-18,0.1277124583721161
2024-04-19,0.1276894509792328
2024-04-22,0.1276860386133194
2024-04-23,0.1276228129863739
2024-04-24,0.12764544785022736
2024-04-25,0.1277025043964386
2024-04-26,0.1277514398097992
2024-04-29,0.12773235142230988
2024-04-30,0.12778736650943756
2024-05-01,0.12781840562820435
2024-05-02,0.1278482973575592
2024-05-03,0.1279774010181427
2024-05-06,0.12804146111011505
2024-05-07,0.1279056966304779
2024-05-08,0.12786726653575897
2024-05-09,0.1279328614473343
2024-05-10,0.1279737949371338
2024-05-13,0.12795905768871307
2024-05-14,0.1280016452074051
2024-05-15,0.12801474332809448
2024-05-16,0.12808115780353546
2024-05-17,0.1281842589378357
2024-05-20,0.12816815078258514
2024-05-21,0.12822650372982025
2024-05-22,0.12813088297843933
2024-05-23,0.1281423717737198
2024-05-24,0.12806540727615356
2024-05-27,0.12800490856170654
2024-05-28,0.12809312343597412
2024-05-29,0.12802277505397797
2024-05-30,0.1279824674129486
2024-05-31,0.12792304158210754
2024-06-03,0.12788215279579163
2024-06-04,0.12787887454032898
2024-06-05,0.12797707319259644
2024-06-06,0.12804096937179565
2024-06-07,0.12805211544036865
2024-06-10,0.12801474332809448
2024-06-11,0.1280098259449005
2024-06-12,0.12800949811935425
2024-06-13,0.12806884944438934
2024-06-14,0.1280350685119629
2024-06-17,0.12800900638103485
2024-06-18,0.12803277373313904
2024-06-19,0.12808427214622498
2024-06-20,0.12810444831848145
2024-06-21,0.1281261146068573
2024-06-24,0.12815091013908386
2024-06-25,0.1280737668275833
2024-06-26,0.1280590146780014
2024-06-27,0.12806229293346405
2024-06-28,0.12805737555027008
2024-07-01,0.12806344032287598
2024-07-02,0.12800392508506775
2024-07-03,0.12798361480236053
2024-07-04,0.12806721031665802
2024-07-05,0.12805572152137756
2024-07-08,0.12799786031246185
2024-07-09,0.1280437558889389
2024-07-10,0.12801146507263184
2024-07-11,0.12802785634994507
2024-07-12,0.12808263301849365
2024-07-15,0.1280844360589981
2024-07-16,0.12809181213378906
2024-07-17,0.12808246910572052
2024-07-18,0.1280950903892517
2024-07-19,0.12804096937179565
2024-07-22,0.12804998457431793
2024-07-23,0.1280950903892517
2024-07-24,0.12807868421077728
2024-07-25,0.12806063890457153
2024-07-26,0.1280950903892517
2024-07-29,0.1280950903892517
2024-07-30,0.12803605198860168
2024-07-31,0.12799853086471558
2024-08-01,0.1279950886964798
2024-08-02,0.12797215580940247
2024-08-05,0.12812349200248718
2024-08-06,0.12832193076610565
2024-08-07,0.1282922923564911
2024-08-08,0.1283334642648697
2024-08-09,0.12830646336078644
2024-08-12,0.12823143601417542
2024-08-13,0.12834432721138
2024-08-14,0.12839113175868988
2024-08-15,0.1283433437347412
2024-08-16,0.12825611233711243
2024-08-19,0.1283005326986313
2024-08-20,0.12838734686374664
2024-08-21,0.12839771807193756
2024-08-22,0.1283262073993683
2024-08-23,0.12825775146484375
2024-08-26,0.12825611233711243
2024-08-27,0.12825775146484375
2024-08-28,0.1281755566596985
2024-08-29,0.12820479273796082
2024-08-30,0.12825675308704376
2024-09-02,0.1282431036233902
2024-09-03,0.12826481461524963
2024-09-04,0.12823307514190674
2024-09-05,0.12827584147453308
2024-09-06,0.12831073999404907
2024-09-09,0.12828093767166138
2024-09-10,0.1282626837491989
2024-09-11,0.12825116515159607
2024-09-12,0.12824606895446777
2024-09-13,0.12816372513771057
2024-09-16,0.12823471426963806
2024-09-17,0.12833181023597717
2024-09-18,0.1283087581396103
2024-09-19,0.1283087581396103
2024-09-20,0.12830480933189392
2024-09-23,0.12835487723350525
2024-09-24,0.1284274011850357
2024-09-25,0.12849275767803192
2024-09-26,0.12843070924282074
2024-09-27,0.12854495644569397
2024-09-30,0.12864582240581512
2024-10-01,0.12863226234912872
2024-10-02,0.12867231667041779
2024-10-03,0.12882165610790253
2024-10-04,0.1287766993045807
2024-10-07,0.12875646352767944
2024-10-08,0.12876492738723755
2024-10-09,0.12862232327461243
2024-10-10,0.12865707278251648
2024-10-11,0.1287074238061905
2024-10-14,0.12866303324699402
2024-10-15,0.1288214921951294
2024-10-16,0.12873658537864685
2024-10-17,0.12869234383106232
2024-10-18,0.1286405324935913
2024-10-21,0.1287011206150055
2024-10-22,0.1286388635635376
2024-10-23,0.12866535782814026
2024-10-24,0.1287100613117218
2024-10-25,0.128697469830513
2024-10-28,0.1286880373954773
2024-10-29,0.1286686658859253
2024-10-30,0.12868191301822662
2024-10-31,0.12867827713489532
2024-11-01,0.12863755226135254
2024-11-04,0.1285976767539978
2024-11-05,0.12865541875362396
2024-11-06,0.1286766082048416
2024-11-07,0.1286003291606903
2024-11-08,0.12868356704711914
2024-11-11,0.12862001359462738
2024-11-12,0.12860247492790222
2024-11-13,0.12856444716453552
2024-11-14,0.12851586937904358
2024-11-15,0.1285112500190735
2024-11-18,0.12842988967895508
2024-11-19,0.1284765750169754
2024-11-20,0.12848004698753357
2024-11-21,0.12848515808582306
2024-11-22,0.1284884512424469
2024-11-25,0.12848252058029175
2024-11-26,0.12849639356136322
2024-11-27,0.12849010527133942
2024-11-28,0.12851768732070923
2024-11-29,0.12847526371479034
2024-12-02,0.12850959599018097
2024-12-03,0.12851206958293915
2024-12-04,0.12848515808582306
2024-12-05,0.12846370041370392
2024-12-06,0.12850844860076904
2024-12-09,0.1285383403301239
2024-12-10,0.12862993776798248
2024-12-11,0.12863275408744812
2024-12-12,0.12862148880958557
2024-12-13,0.12861570715904236
2024-12-16,0.12861207127571106
2024-12-17,0.12863026559352875
2024-12-18,0.12869516015052795
2024-12-19,0.12867364287376404
2024-12-20,0.1287001222372055
2024-12-23,0.12865443527698517
2024-12-24,0.12870344519615173
2024-12-25,0.1287432163953781
2024-12-26,0.12876641750335693
2024-12-27,0.1287299543619156
2024-12-30,0.12881086766719818
2024-12-31,0.12880787253379822
2025-01-02,0.12873442471027374
2025-01-03,0.12858758866786957
2025-01-06,0.1285751909017563
2025-01-07,0.1286122351884842
2025-01-08,0.12859320640563965
2025-01-09,0.1285482496023178
2025-01-10,0.1284998506307602
2025-01-13,0.12843400239944458
2025-01-14,0.1284516602754593
2025-01-15,0.1284191608428955
2025-01-16,0.12845149636268616
2025-01-17,0.12840761244297028
2025-01-20,0.1284642070531845
2025-01-21,0.12852661311626434
2025-01-22,0.12844060361385345
2025-01-23,0.12840844690799713
2025-01-24,0.12838272750377655
2025-01-27,0.12840679287910461
2025-01-28,0.1283990442752838
2025-01-29,0.1283680498600006
2025-01-30,0.12833181023597717
2025-01-31,0.1283417046070099
2025-02-03,0.12828801572322845
2025-02-04,0.1283169984817505
2025-02-05,0.12842081487178802
2025-02-06,0.12843400239944458
2025-02-07,0.1284274011850357
2025-02-10,0.12836410105228424
2025-02-11,0.128384530544281
2025-02-12,0.1283411979675293
2025-02-13,0.12837909162044525
2025-02-14,0.12840266525745392
2025-02-17,0.12848977744579315
2025-02-18,0.12853272259235382
2025-02-19,0.12862728536128998
2025-02-20,0.12857073545455933
2025-02-21,0.1286071091890335
2025-02-24,0.1287079155445099
2025-02-25,0.1286357343196869
2025-02-26,0.1286468207836151
2025-02-27,0.12865012884140015
2025-02-28,0.12858742475509644
2025-03-03,0.1285722255706787
2025-03-04,0.1285814791917801
2025-03-05,0.12866005301475525
2025-03-06,0.12869350612163544
2025-03-07,0.1286603957414627
2025-03-10,0.1286802589893341
2025-03-11,0.12871338427066803
2025-03-12,0.12869183719158173
2025-03-13,0.1287117302417755
2025-03-14,0.1286734640598297
2025-03-17,0.1286550909280777
2025-03-18,0.12869516015052795
2025-03-19,0.12870509922504425
2025-03-20,0.12870162725448608
2025-03-21,0.12865707278251648
2025-03-24,0.12864980101585388
2025-03-25,0.12863390147686005
2025-03-26,0.12860412895679474
2025-03-27,0.12860412895679474
2025-03-28,0.12859751284122467
2025-03-31,0.12855619192123413
2025-04-01,0.128542959690094
2025-04-02,0.12850992381572723
2025-04-03,0.1284719556570053
2025-04-04,0.12856775522232056
2025-04-07,0.12866882979869843
2025-04-08,0.12872514128684998
2025-04-09,0.12870509922504425
2025-04-10,0.12884771823883057
2025-04-11,0.1289070099592209
2025-04-14,0.1289500594139099
2025-04-15,0.12893393635749817
2025-04-16,0.12891748547554016
2025-04-17,0.12883691489696503
2025-04-22,0.1288759410381317
2025-04-23,0.12889255583286285
2025-04-24,0.1288759410381317
2025-04-25,0.12889404594898224
2025-04-28,0.1289171427488327
2025-04-29,0.1289224624633789
2025-04-30,0.1288859099149704
2025-05-01,0.12894657254219055
2025-05-02,0.12891414761543274
2025-05-05,0.12902559340000153
2025-05-06,0.12902559340000153
2025-05-07,0.12900562584400177
2025-05-08,0.12888774275779724
2025-05-09,0.12861785292625427
2025-05-12,0.1285819709300995
2025-05-13,0.12835340201854706
2025-05-14,0.12825708091259003
2025-05-15,0.1281495988368988
2025-05-16,0.1281164288520813
2025-05-19,0.12797822058200836
2025-05-20,0.12785762548446655
2025-05-21,0.1277400255203247
2025-05-22,0.1277395337820053
2025-05-23,0.12774361670017242
2025-05-26,0.127704456448555
2025-05-27,0.1276014745235443
2025-05-28,0.1275770515203476
2025-05-29,0.1276407241821289
2025-05-30,0.12753312289714813
2025-06-02,0.12751686573028564
2025-06-03,0.12747621536254883
2025-06-04,0.12746712565422058
2025-06-05,0.12749020755290985
2025-06-06,0.12745022773742676
2025-06-09,0.12743885815143585
2025-06-10,0.12742879986763
2025-06-11,0.127424418926239
2025-06-12,0.12741126120090485
2025-06-13,0.12740574777126312
2025-06-16,0.12740151584148407
2025-06-17,0.12739503383636475
2025-06-18,0.12739503383636475
2025-06-19,0.12739357352256775
2025-06-20,0.12739664316177368
2025-06-23,0.12739454209804535
2025-06-24,0.12739388644695282
2025-06-25,0.12739096581935883
2025-06-26,0.12740963697433472
2025-06-27,0.1274021714925766
2025-06-30,0.12739664316177368
2025-07-01,0.12739016115665436
2025-07-02,0.12742489576339722
2025-07-03,0.1273917853832245
2025-07-04,0.12742586433887482
2025-07-07,0.1273917853832245
2025-07-08,0.1273917853832245
2025-07-09,0.12739437818527222
2025-07-10,0.1273917853832245
2025-07-11,0.12739503383636475
2025-07-14,0.12739454209804535
2025-07-15,0.12739162147045135
2025-07-16,0.12739340960979462
2025-07-17,0.1273917853832245
2025-07-18,0.12741288542747498
2025-07-21,0.12741613388061523
2025-07-22,0.12739892303943634
2025-07-23,0.12739357352256775
2025-07-24,0.1273977905511856
2025-07-25,0.12739016115665436
2025-07-28,0.12739664316177368
2025-07-29,0.12740184366703033
2025-07-30,0.12739503383636475
2025-07-31,0.12740005552768707
2025-08-01,0.12739016115665436
2025-08-04,0.12739810347557068
2025-08-05,0.12740087509155273
2025-08-06,0.1273917853832245
2025-08-07,0.1273982673883438
2025-08-08,0.12739957869052887
2025-08-11,0.12739503383636475
2025-08-12,0.1273937225341797
2025-08-13,0.12741482257843018
2025-08-14,0.12740151584148407
2025-08-15,0.12763893604278564
2025-08-18,0.12780027091503143
2025-08-19,0.12787854671478271
2025-08-20,0.12821334600448608
2025-08-21,0.12800490856170654
2025-08-22,0.12797707319259644
2025-08-25,0.12794923782348633
2025-08-26,0.12799672782421112
2025-08-27,0.12831073999404907
2025-08-28,0.1284651905298233
2025-08-29,0.1283016800880432
2025-09-01,0.12827913463115692
2025-09-02,0.12826251983642578
2025-09-03,0.12808197736740112
2025-09-04,0.12819872796535492
2025-09-05,0.12820151448249817
2025-09-08,0.12823143601417542
2025-09-09,0.12831534445285797
2025-09-10,0.12841272354125977
2025-09-11,0.128376305103302
2025-09-12,0.1283927857875824
2025-09-15,0.12853139638900757
2025-09-16,0.12853486835956573
2025-09-17,0.1285269409418106
2025-09-18,0.12858445942401886
2025-09-19,0.12858246266841888
2025-09-22,0.12862662971019745
2025-09-23,0.12871138751506805
2025-09-24,0.128609761595726
2025-09-25,0.12857039272785187
2025-09-26,0.12849010527133942
2025-09-29,0.12852810323238373
2025-09-30,0.12848515808582306
2025-10-01,0.12850232422351837
2025-10-02,0.12851834297180176
2025-10-03,0.12849390506744385
2025-10-06,0.1285165399312973
2025-10-07,0.12849093973636627
2025-10-08,0.12848202884197235
2025-10-09,0.12850826978683472
2025-10-10,0.12849672138690948
2025-10-13,0.12849672138690948
2025-10-14,0.12854892015457153
2025-10-15,0.1286388635635376
2025-10-16,0.12861736118793488
2025-10-17,0.1286870390176773
2025-10-20,0.12874817848205566
2025-10-21,0.12873591482639313
2025-10-22,0.1286802589893341
2025-10-23,0.12869350612163544
2025-10-24,0.1286703199148178
2025-10-27,0.12871022522449493
2025-10-28,0.12874171137809753
2025-10-29,0.1287352591753006
2025-10-30,0.12868191301822662
2025-10-31,0.12871438264846802
2025-11-03,0.12868738174438477
2025-11-04,0.1286686658859253
2025-11-05,0.1286357343196869
2025-11-06,0.1286206692457199
2025-11-07,0.12860743701457977
2025-11-10,0.128592386841774
2025-11-11,0.12864863872528076
2025-11-12,0.12867578864097595
2025-11-13,0.12869317829608917
2025-11-14,0.12868356704711914
2025-11-17,0.12867511808872223
2025-11-18,0.12863555550575256
2025-11-19,0.12846700847148895
2025-11-20,0.128431037068367
2025-11-21,0.12847690284252167
2025-11-24,0.12849655747413635
2025-11-25,0.12850777804851532
2025-11-26,0.1286117434501648
2025-11-27,0.1285710632801056
2025-11-28,0.12855619192123413
2025-12-01,0.12845578789710999
2025-12-02,0.12839937210083008
2025-12-03,0.1284620463848114
2025-12-04,0.1284807026386261
2025-12-05,0.12850546836853027
2025-12-08,0.128469318151474
2025-12-09,0.12852810323238373
2025-12-10,0.12849639356136322
2025-12-11,0.12855057418346405
2025-12-12,0.12850166857242584
2025-12-15,0.12846453487873077
2025-12-16,0.12850166857242584
2025-12-17,0.12853635847568512
2025-12-18,0.12854726612567902
2025-12-19,0.12851817905902863
2025-12-22,0.12851637601852417
2025-12-23,0.1285347044467926
2025-12-24,0.12858594954013824
2025-12-26,0.1285991668701172
2025-12-29,0.12868554890155792
2025-12-30,0.12864996492862701
2025-12-31,0.1285237967967987
2026-01-02,0.1284465491771698
2026-01-05,0.12836048007011414
2026-01-06,0.12844224274158478
2026-01-07,0.12842081487178802
2026-01-08,0.1284356564283371
2026-01-09,0.12833675742149353
2026-01-12,0.12830135226249695
2026-01-13,0.12826432287693024
2026-01-14,0.12819230556488037
2026-01-15,0.12824293971061707
2026-01-16,0.12824787199497223
2026-01-19,0.12825050950050354
2026-01-20,0.12825939059257507
2026-01-21,0.12821827828884125
2026-01-22,0.1282528042793274
2026-01-23,0.12825873494148254
2026-01-26,0.12829196453094482
2026-01-27,0.1282518208026886
2026-01-28,0.12820331752300262
2026-01-29,0.1281755566596985
2026-01-30,0.12811429798603058
2026-02-02,0.1280452311038971
2026-02-03,0.12803949415683746
2026-02-04,0.12798525393009186
2026-02-05,0.12800490856170654
2026-02-06,0.1279803365468979
2026-02-09,0.12800049781799316
2026-02-10,0.12796494364738464
2026-02-11,0.1279132217168808
2026-02-12,0.12794268131256104
2026-02-13,0.1279345005750656
2026-02-16,0.12794432044029236
2026-02-17,0.12794432044029236
2026-02-18,0.12795087695121765
2026-02-19,0.127947598695755
2026-02-20,0.1279606968164444
2026-02-23,0.12798410654067993
2026-02-24,0.12789522111415863
2026-02-25,0.12783604860305786
2026-02-26,0.12788377702236176
2026-02-27,0.1278236210346222
